C,C1,C10,C11,C11_Ac,C12,C13,C14,C15,C16,C17,C18,C1_Ac,C2,C21,C21_Ac,C2_Ac,C3,C4,C5,C53,C54,C55,C6,C7,C8,C9,H,H1,H10,H101,H102,H11,H111,H12,H121,H13,H131,H14,H141,H15,H151,H16,H161,H17,H18,H181,H182,H1O,H2,H21,H21_Ac,H22,H22_Ac,H23,H23_Ac,H2N,H2N1,H2O,H2_Ac,H3,H31,H32,H3O,H4,H41,H42,H4N,H4O,H5,H51,H53O,H54O,H55O,H5N,H5O,H6,H61,H62,H6N,H6N1,H6O,H7,H71,H7O,H8,H81,H82,H8O,H9,H91,H9O,Kdo_C1,Kdo_C2,Kdo_C3,Kdo_C4,Kdo_C5,Kdo_C6,Kdo_C7,Kdo_C8,Kdo_H1O,Kdo_H3,Kdo_H31,Kdo_H4,Kdo_H4O,Kdo_H5,Kdo_H5O,Kdo_H6,Kdo_H7,Kdo_H7O,Kdo_H8,Kdo_H81,Kdo_H8O,Kdo_O1,Kdo_O11,Kdo_O4,Kdo_O5,Kdo_O6,Kdo_O7,Kdo_O8,N2,N4,N5,N6,Neup_C1,Neup_C11_Ac,Neup_C2,Neup_C21_Ac,Neup_C3,Neup_C4,Neup_C5,Neup_C6,Neup_C7,Neup_C8,Neup_C9,Neup_H2,Neup_H2_Ac,Neup_H3,Neup_H31,Neup_H4,Neup_H5,Neup_H6,Neup_H7,Neup_H8,Neup_H9,Neup_H91,O,O1,O103,O11,O11_Ac,O12,O12_Ac,O17,O1_Ac,O2,O3,O31,O4,O5,O53,O54,O55,O6,O61,O7,O8,O9,P1,R,R1,S1
-1.3729575,2.22145,0.32741174,1.5173557,-1.568749,0.025505181,-1.4355462,0.97788376,-0.40348423,-0.45129645,-0.42979705,-0.55246043,0.7107749,1.0115958,-1.2186849,-0.037825406,-0.40014723,2.0663161,-0.12034061,-0.28878397,1.4846869,0.26101267,0.30109867,-0.33982015,-1.2276617,-1.0552614,1.1406897,0.43664122,2.4164915,1.708592,-0.0012341165,0.23984548,1.2738048,-1.0517992,-0.39057386,-0.2586188,1.5096778,0.64884955,-0.57317847,0.88762593,0.23114792,-0.3134297,0.66050607,-1.3455697,0.7615146,0.2243627,0.68129873,-0.93895876,0.6660953,-0.8150849,-0.7071323,1.112147,0.916116,0.71566355,0.10138196,0.023611108,0.583536,0.03786515,-0.42941448,0.4361148,0.15648103,0.5252828,-0.113526195,1.8098148,0.36253884,0.04964381,-0.23430017,-0.18371408,0.6830912,0.63473666,1.2958081,-1.9312016,-1.8621261,-0.52040076,-0.7351019,1.0091295,-0.9646883,0.86802375,0.7574359,-0.2523327,-1.4754375,0.036254995,-1.7838926,0.46009153,-2.5243611,-1.0373898,-1.1266333,1.7963356,-1.7198403,-1.2079923,0.5919087,-0.8006078,1.1947335,1.472255,-0.37782162,0.95656085,-2.922819,-0.47561887,-1.5478327,1.351919,0.8603586,0.6872952,0.11593659,-0.7577483,0.54537034,-0.028716369,0.73035043,0.8613342,-0.41543004,1.31081,1.9918469,-0.8311254,0.9246597,1.108686,-0.8093147,0.98550564,-0.4296359,-0.4661053,2.0740793,1.0604656,-1.6390291,-0.7662486,-1.838974,0.9658538,-0.29384476,0.5139747,1.0406302,1.8996892,-2.7712283,-0.18870872,-0.94322824,0.6567657,-1.3009907,0.6391422,1.8623278,-0.36954716,0.6568615,0.065674275,-1.5961626,-0.29247588,-1.4733766,-1.4861815,0.2035096,-0.79072934,-1.1200622,-0.052966975,1.1068702,-1.9236786,0.7571228,1.597647,-0.46894065,0.1332088,-0.33622605,-2.4073985,0.7658742,1.0403059,-0.16349615,-0.46712613,-1.0570614,0.15699044,0.14827824,0.04692937,0.31147903,1.0359397,1.1857613,-0.091519944,0.17286463,0.90320593,1.7737263,-1.0602103,-0.7587771,0.9540045
0.4166728,-1.1775119,-0.37132704,1.1469595,0.696495,-0.031063974,-2.165495,0.10550784,0.9696566,0.33375144,-0.89481,0.3524957,-0.44720605,-0.6410376,1.0955156,-0.10741232,0.37814733,-0.07534175,2.0053468,0.87004876,0.17081392,1.0091587,0.91219383,0.37688613,-2.0708516,-1.3737304,0.44931373,-0.1777022,0.18623628,-1.5515958,0.27475697,1.2311165,-0.9112441,-0.551316,1.6106285,2.8819315,1.644611,-0.84996796,-0.56536555,0.27687317,0.031462684,-0.72720754,-1.0688567,2.2402709,-1.178695,0.5807998,-0.17910512,0.9203663,1.0237803,-0.81946474,-0.69190156,1.7216504,-1.1112894,0.835197,-1.2554207,0.81041926,0.22911555,1.3673152,0.38512084,-1.0564809,0.3742035,1.0584095,-0.901724,-0.30645514,1.105447,-0.7830192,-0.43125802,0.0036090638,-1.4593946,-0.23963274,-0.96260613,0.022036005,-0.23323037,0.26278368,1.0301039,-2.6542804,-0.28633922,0.72103643,0.041511178,0.22709051,0.4328702,0.31980568,-0.23523353,0.8838485,-0.774967,-0.42470905,-1.9254917,1.1442498,-1.6428521,0.11038908,-0.6323652,-0.5745295,-0.7402971,0.3719736,-0.24172866,-0.33995536,0.41182676,-0.7799965,0.015764462,0.9312599,-1.527949,-1.3042389,0.57531565,-1.4764245,-1.4799823,-0.77035075,0.42763394,-0.33639207,-0.91713375,-2.101236,-0.11750333,0.9683883,2.0229144,0.05370985,-0.3670593,-1.1473339,-0.42225897,1.4086524,-0.76938653,0.057332046,-0.17627174,1.3673111,-0.55662036,1.0135144,-0.19348164,0.41776198,0.41825244,0.5870529,0.6649938,-0.42003748,0.6510612,-0.68154675,-0.20033471,1.5098175,-2.4250634,0.19245923,-0.12437531,1.3893547,0.73559695,-1.297404,-0.13731655,-1.1767546,-0.65610886,0.4413536,1.2391205,0.96826845,1.6854894,-0.49768966,0.28140575,1.2821966,0.103711136,1.5085934,-0.31711698,0.36616373,-1.5933247,-0.30633032,0.81883556,0.99336404,-0.17865045,1.1489105,-0.8783737,1.4138119,1.4665102,-0.7277964,-0.12038619,-0.88599646,0.9044527,0.30318236,-0.2435139,-0.768984,-0.8587305,0.9252423
-0.7886071,-1.6743854,-0.6443083,-1.6243216,-1.9216828,-1.3641986,0.53842735,0.3780504,-0.69120675,-3.1266406,-0.6973384,-0.41921094,0.14170773,-0.6380202,2.8486712,-1.1839979,0.43364593,0.009251756,0.79578364,0.44579667,1.0623604,0.17194556,0.18165003,-1.0650759,-1.421343,0.93938833,0.59865165,0.91266316,0.4942247,0.034115728,-1.3650818,-0.7512757,1.3216501,1.8167638,-0.5281993,-1.9084868,0.08073981,1.1103894,1.5718231,-0.9798607,-0.05360198,-1.4454712,-0.63754,0.34149325,-0.30439067,0.48179793,1.4791032,1.7577032,1.5601505,-0.37276992,-0.224377,0.87224776,-0.011844822,-0.04425729,0.60911715,-0.6379508,-2.1788428,-0.5226822,0.5180471,0.78242654,0.57486755,-0.43340456,-1.7872901,-0.12690012,-0.9485479,0.2520201,-0.6755646,-0.2178091,0.23672056,0.49128678,1.2675549,-2.076861,-0.7180698,-1.0968254,0.8949489,0.5811468,0.90740824,0.22408181,1.4296001,1.4114821,-1.7531936,0.6567536,-0.5203647,0.6130658,-0.36526805,-0.45764259,0.54958797,0.48966506,-0.05062482,-1.675764,-2.6274483,-0.42432177,1.2450608,-0.1924783,0.88417596,0.16091394,-0.7692209,-0.118252024,0.47609413,0.27204624,-0.50275785,-1.266357,-0.48447898,0.5552391,-0.45248544,-1.0690143,0.36660632,-0.16996567,0.19170673,0.64570737,0.6661795,0.8151229,-1.2719414,-0.59036684,0.7308748,-1.0429306,-1.145822,0.18214889,-0.99368685,1.1848701,-0.9658439,-0.09113295,-0.7864011,-0.7152389,-0.3545614,-0.44628665,0.3841147,-0.29051346,1.8482763,-0.075048134,0.31648916,-1.667794,-0.6429335,0.6679739,-1.0245287,-0.95326173,-1.1027172,-1.8148572,-1.5697055,-0.76741016,-0.29647028,-0.12438484,1.9643143,1.0193868,-0.42624363,-1.0526954,-0.8629914,0.0650027,1.0854033,1.2851442,1.4539497,0.85792935,0.09775239,-1.8473624,-2.673872,0.8772208,0.43700433,-0.92784035,-0.09542299,-0.68214726,-0.6077218,-0.6429234,-0.42107305,-2.041894,0.38671467,0.39087275,-1.1827933,-0.26233223,-0.19996239,0.101482406,0.09080251,-0.5445299
-1.0764647,-1.071953,0.53634286,-0.7073035,-0.20485014,0.003002895,-0.53270483,0.09347772,2.086942,-0.4995466,0.64107394,-1.7555741,0.25677517,1.175057,0.05330232,-0.17221001,1.2955874,0.8814457,0.6254648,0.81060064,-0.008658904,-0.0889221,0.8679895,-0.04728554,1.4549251,-0.6199145,1.2791362,0.6480363,-0.00087134057,0.7135431,0.69126177,-0.07549979,0.49979007,1.0879779,-0.9101555,-0.30470824,0.49310702,0.060589205,-0.24957354,1.9016321,-0.6150335,0.18665616,0.4135375,0.8891853,1.196901,0.91217065,1.6597872,1.0612692,-0.08715654,1.2005969,-3.6418116,-0.4596647,0.7089794,-0.12135194,1.1101674,-2.0761623,-0.5319803,0.32824644,0.35343423,-1.6714842,-0.14339773,1.596281,-0.6858469,0.30090317,-1.1816458,0.9476541,-0.53804713,-0.55454886,-0.12694404,0.12021519,-0.90142643,-1.684306,0.120742716,-0.32522345,-0.23769061,-2.0012472,-0.1772649,-1.3588703,0.09199223,-0.15971032,0.62129575,-0.57243514,0.52690655,0.39700577,-0.22318546,-0.44569045,0.22238874,2.7087784,0.7080488,2.3704498,0.29927555,1.7340173,-0.96054065,2.311291,0.67073375,-0.43434596,-0.20412844,-0.49673426,-0.37060955,0.021442622,-0.005494812,0.6095369,-2.057018,1.022695,-2.200464,-0.8867396,1.0942836,1.0377094,0.45835608,1.1079032,0.2661575,1.2311221,0.17754647,-0.9021081,2.0064085,1.1254376,0.47056898,1.2919236,-1.1085079,0.39902887,-0.5614043,-0.6630378,1.0401735,-0.3928839,0.99290156,1.0031645,-0.4435899,-0.28549513,-1.4853027,-0.21981005,-1.553414,-2.1493728,-0.76820374,0.038404237,0.7067367,0.7553805,0.8643578,-0.06382152,-0.74244475,-0.6669034,0.69467735,1.1369973,-1.7434301,-0.030779555,1.8424368,1.2567403,-1.4019871,-0.6662081,0.724812,1.1660678,-1.154453,0.15063955,0.31243962,0.15322438,0.44312015,-0.8344878,0.22769165,-1.707362,0.55934787,-0.8827321,-1.8346394,0.6115451,-1.6768739,-0.17861192,-1.2049286,-0.045915116,-0.74606544,0.9254078,0.96596897,-0.3312458,-0.5786305,-0.24681462
0.051876694,1.6666238,0.9774168,0.7144032,2.3554416,0.21820873,0.034576174,0.108114526,1.3792609,1.514947,-1.3087496,0.35688353,0.16652922,0.16890243,-0.72099173,-0.9201282,-0.6205527,1.0883867,-1.4618795,0.15158214,-1.3294877,0.30863968,-0.64360744,0.0013676552,-1.8243141,2.446636,0.5566722,-1.4117073,0.60703593,-0.67293125,-3.1197166,0.33659843,0.19997351,0.1252952,-0.0839448,0.9020721,0.47567245,-1.4460939,0.026939131,1.2207761,-0.872889,-0.97416764,-0.12679718,-1.3767061,-0.34581482,-1.1476387,-1.7426256,-1.053056,-1.1903378,-0.5698128,-1.0236719,-0.6144659,-0.15577514,-0.6459502,0.39401266,1.8455985,0.735122,0.22156972,-0.0102403,0.13059123,1.5480053,0.78719175,-1.9273822,-0.68365246,-0.5074996,0.43541083,-0.16648667,-1.3131714,-0.39051425,-0.21658146,-0.9308142,-0.9000104,0.5983776,2.5417414,0.68405783,-0.90188354,0.0885968,-0.45292568,0.47236034,0.6602653,1.5047699,-0.5034698,-0.22889918,1.2398255,1.6663079,0.64134663,-0.29915762,1.314023,-1.2411759,-0.70115006,0.5661503,1.299823,-0.7213959,0.05411981,1.5946448,-0.7157535,1.1457983,-0.912246,-1.5015996,0.32250395,-0.36966217,0.23653233,-0.42841014,-1.4501393,1.5204353,0.45671436,-1.5744612,1.4495454,-0.08667242,-1.4028378,0.26304987,-0.4019525,1.8047335,-0.27149576,0.9901186,-1.0223397,-0.36015373,0.10823993,-0.49350452,-1.1184943,-0.13708572,1.0697929,-1.1023813,-0.012648723,0.5069538,-0.5649786,-0.88603705,-0.5531274,1.4606804,-2.283448,0.1199264,-0.28959316,1.011456,-1.1885033,1.2728775,-2.1007323,-0.20837584,-1.3725119,-0.6648544,1.843397,1.775684,1.6555405,-1.5757918,1.4247266,0.57950646,-1.4893141,1.2161344,0.82796013,1.7110364,-0.37111333,0.21453108,0.11869759,0.8419793,-1.9060918,-2.282499,-1.2689806,-0.3459879,-0.7601096,-1.3209736,0.6838898,-0.3599298,0.9884589,1.1420848,1.9069313,0.6593897,-0.62251216,-0.6744582,0.04410089,-0.09918305,1.3952022,-0.8278069,-0.75042063
0.20894471,-0.8472159,0.63012606,-0.15776704,-1.2901765,-0.86119145,0.3456815,-0.25440785,1.545137,-0.33482513,-0.5812299,0.79425645,-0.5232452,-1.4284695,-0.06579898,-0.58703333,-0.5079709,-0.14690192,0.5655878,0.76545215,1.4367917,0.5985261,1.7008694,0.1108308,-0.6619451,0.066495694,-0.12666006,0.25757173,0.4262551,-1.3317294,0.70130527,-0.2541642,1.6494826,-2.0221388,0.3917419,-1.821911,1.4239984,-0.23105049,-0.26577356,-0.5690388,-0.9240748,0.34665278,-0.5071587,-0.23425315,1.4429936,0.7183311,1.0677671,-0.37773445,0.56926674,-0.7133779,0.44409156,-0.2174635,-2.617384,-0.15642862,-0.6400324,-1.0320165,-0.71781933,1.8252317,0.9265017,-1.541123,-1.4337976,-1.7908069,1.4721321,-0.092988096,-0.115834095,1.6366389,-1.4152714,0.16692908,-0.71022224,0.004351192,-1.5790315,-0.9031411,-0.26537085,0.31942827,-0.27447748,-2.3539095,-1.2291081,-1.9923102,-0.3960092,0.18789595,-0.94865036,-0.57223916,1.7716306,-0.94350773,-0.67382187,-0.5914385,-0.7305713,0.36210257,0.88672763,-0.9487101,1.5619258,-0.8016238,-0.3586632,-1.241742,1.2215809,0.46984467,-1.1100713,-1.4750588,-1.3082362,0.63349456,1.8797175,0.67455924,2.031415,0.8577542,0.83748263,0.6559198,-0.24004072,-0.6962844,-1.6759962,-0.7874455,0.84314203,0.63273585,-0.50632006,0.4414086,-0.25692034,-1.5267675,-0.1261963,-0.5127117,-0.91226107,0.2569613,-1.6455342,-2.2583818,0.529265,0.58792794,-0.5029588,-0.0039829304,-1.2264104,1.2863876,1.5391214,-0.518641,-0.37144056,-0.55311507,-0.28829408,1.4523604,-0.36069447,0.33438265,-0.32776657,-1.12902,-0.83216673,0.24714372,-1.0231282,1.4473255,1.4165746,0.34976265,0.8188264,-0.48035645,0.19904049,-0.09865936,-0.7480665,-3.072441,1.2023365,-1.1352379,-0.9345835,1.450729,0.15238784,-1.196694,-0.043753333,-1.6649283,-0.72632927,0.8126444,0.37395474,0.48183596,-1.3637766,-0.45151246,0.020887079,0.0027401878,0.99851763,0.59834963,1.8105023,-1.892057,1.1044128,-0.3335148
-1.8628736,-1.2299728,2.363656,-0.39066467,-0.3419467,0.035131704,-1.734902,-0.60953236,0.67412853,-0.69757247,-0.49355116,-1.0132892,-0.2093718,-1.8600651,-0.7769687,-1.1789522,-0.75641066,-1.6353495,1.9818156,0.25718236,1.1064893,0.23656,-0.8313378,1.761719,-0.20793949,-0.06953061,-1.2864914,-2.4377332,-0.8371826,1.1126683,1.0387299,2.6004426,-0.23784459,0.039916433,1.4351065,0.5138165,-0.8240528,-1.8231051,0.6998514,-1.2275367,-0.06891159,1.8570069,-0.21595189,0.71724516,0.19472553,-0.09547356,-1.1150328,-0.802699,1.036107,-0.03488318,0.9138589,-0.9574304,-0.5767709,1.1535077,2.0562701,0.65360004,0.25954193,1.8348653,1.0720147,-0.23156089,0.56725264,-0.022246392,1.7380663,-0.28350607,-0.5274379,-0.05191962,0.3751754,-1.2822059,0.97098583,-0.7315598,0.91000164,-2.6655471,0.14307949,-0.62384164,-0.075272374,-0.645538,1.3057178,-1.2241887,0.0059464183,-2.062326,-0.16436665,0.8158492,3.195139,0.761856,-1.106379,0.044662625,-0.5118208,-0.15058303,0.42049852,0.8602082,0.15373328,0.98199785,-0.8171431,1.191373,-0.2393554,0.29520792,0.6899161,-0.6946037,0.56062144,1.558403,1.392484,1.14249,-0.5670906,1.3416803,-0.3236134,0.0061368695,-0.88795197,1.9205343,-0.05976915,-0.5411694,0.7311719,-0.1719655,-0.00959047,-1.8503981,-0.8270025,-0.17689678,-0.45161572,-0.636929,0.3838429,-0.08230152,0.31690004,-0.76453036,-0.4114361,0.48163003,-0.7934066,0.39393675,-1.4359311,0.5764513,-0.6519176,0.6132959,0.98997635,1.8302971,0.08563904,0.29486492,1.4902905,-1.1109866,-0.97024846,0.6960638,-0.2528968,1.903786,0.18183272,-0.80649334,1.6285511,-0.09098355,0.31012866,1.1619819,0.65984356,-1.0512828,0.5590654,-0.4877877,1.4985335,0.3766752,0.11612104,-0.8159491,1.1573601,0.65870154,0.6142404,-0.8696041,-2.8847618,1.2355119,-1.6416757,1.0968068,0.061755396,-0.1710367,1.7612197,-0.2803648,0.05115617,-0.81395215,-1.9554793,-0.21676117,-0.9807625,0.44000188
-0.16584904,-0.17680888,-0.5565883,-0.99994737,0.26987353,1.4009217,-1.0930593,-0.067230836,-0.10347382,1.1531165,1.2764119,0.72519445,-0.769965,-1.1308811,-0.6087476,-0.17033637,0.8340934,-0.094417624,1.4754391,-0.74671215,-1.0957367,0.20805418,-0.4784514,0.09639121,-0.4643964,-1.2071663,-1.2303137,0.76306635,0.94772613,-0.2852578,-0.67303044,0.30339995,1.0471188,1.4814019,1.2221935,-0.2623571,1.2134384,1.2270887,-1.3381773,-0.7058818,1.403507,-0.15514383,0.25440854,-0.15518127,0.8447773,0.38308716,-0.25986585,-0.18475607,-0.78276175,-1.2687753,-0.9779151,0.9177039,1.2656411,-0.7765635,-0.4335722,0.9825845,-1.2475073,0.78176755,0.53512377,0.5090629,-0.029122131,-0.2626455,-0.8039971,-0.29094568,0.6609423,-1.5648826,1.3668005,1.8086778,-0.26097876,0.0050643254,1.7747824,1.9579915,0.8087178,-1.1392024,1.3299005,-0.38019973,-0.106448516,0.018197123,-0.36324865,0.09877187,-0.13412508,0.29455668,-0.59391826,2.0743113,-0.69127965,-1.9800313,-1.2496585,1.2255509,0.3101855,-0.79983866,-1.4863278,-0.91170645,1.5673274,0.5461745,-0.1595985,-1.3659103,-1.8861355,0.48056778,-0.14453377,0.8604277,0.46820205,-2.3430283,-0.32244337,0.24922775,-1.0047759,-0.5610855,-0.28740156,-1.188233,-0.6993258,0.004832438,-0.8130379,0.32786518,2.2058604,0.6623246,-0.09247684,0.5557247,0.5899288,-2.2456834,-0.32028827,-1.3550931,-0.48569283,0.98586464,-0.32048815,-1.0487412,-0.41292843,1.0016392,0.27408206,-0.53847647,-0.90535665,0.19906133,0.4412836,-0.6021066,-1.0208497,0.55866694,2.1117551,-0.6270256,-0.66019624,1.3373991,-0.21239027,0.4104479,-1.1452634,1.2812538,0.21241653,-0.7929755,-3.259452,0.961873,0.8501125,0.57416636,-0.06402377,1.1286755,-0.89802384,0.23538381,-0.9069474,-1.5292094,-0.78700423,-0.8292246,-0.61762077,-1.5499228,-0.52326417,0.5951543,-0.897076,0.506888,1.0835323,0.5727858,-0.30629686,-1.1249555,-0.03369812,-0.6603333,-1.2750227,-0.15303665,1.5328319,0.751996
-0.057856064,-2.0801446,-0.53935254,-0.2621867,-1.6876136,-1.0085208,-0.59545773,1.6092902,-0.62422186,1.7624573,0.06728346,1.4873363,0.49869215,0.38739493,0.29111618,1.0832418,-0.090815306,0.44467676,-1.8630105,-0.11605088,2.4495246,0.4831405,0.375346,1.0135832,0.51315117,0.29338515,1.7410928,-0.69664997,-0.75079477,-0.48234236,1.4580257,-0.683745,0.41699523,2.2193165,0.13407642,-2.157458,-0.7294308,0.48360392,-0.86812794,-1.3640697,-0.5967997,1.0945863,0.7553819,1.0105065,0.35987058,-0.7248538,-1.0267347,-0.3281245,-0.5073324,-0.32691818,-0.6455602,-0.88737726,-1.9360529,-0.51549923,0.42814806,-0.6487302,0.31461218,0.4760872,0.06349542,0.36018932,-0.28770602,0.5653213,-0.66724426,-1.0998511,1.0002712,0.35240674,-0.5723944,0.6337763,0.55777043,2.1201105,-0.048866462,-0.12808603,-0.34729174,1.2813466,0.54999924,-0.50189704,0.7426157,0.5053965,2.1385381,-0.63339895,0.85152733,0.34760827,0.593222,-0.408608,0.41571793,2.2570903,1.3401171,0.71186024,0.94467163,0.27686775,1.3809643,-0.23401494,1.1431293,0.7768297,0.5083243,-1.093168,-0.97236687,1.5539999,0.06823561,0.8000795,0.13576925,1.860914,-0.7407013,3.2915466,0.9085655,0.093604244,-0.17860389,-0.8250245,-1.7891262,1.1092504,0.94106954,-0.197711,1.2740719,-0.1533209,-0.62257785,-2.2886472,1.0518389,0.27293614,-1.5651307,-0.6788885,-0.755455,1.8521138,1.9409418,0.49896735,0.64207125,0.5406565,-1.0020897,1.6852667,-0.39633,1.0312839,0.11810224,-1.0313331,-0.41084343,-0.5140627,-0.29677075,0.17890644,-0.0372941,-0.8083948,-1.4596742,0.9923184,-0.02180499,0.55068713,1.3294632,1.0693933,-1.7969645,-0.66829914,-0.44806743,-1.211484,1.3231283,-0.40054443,-1.3144828,-0.07438205,0.37954774,1.2170317,1.5919621,-1.2813555,1.2913284,1.5099974,1.8062904,1.2834351,0.7004231,-0.03989947,0.61886835,0.9174278,0.7227109,-0.67351204,0.40833056,0.03340389,-0.29478553,0.6659975,-1.4962685,0.01799125
0.54094875,0.05629109,-0.6362967,-1.1471863,-1.6292874,-0.634617,-0.65647733,-0.066965714,0.088535085,0.8509047,0.08357673,0.8811086,-0.48392564,-0.90883696,1.3948354,-0.1130406,0.7607699,-0.18822703,0.893376,0.056633767,-0.473987,-0.38665515,0.124973685,1.0926663,-0.29327,-0.03952305,1.1385238,0.8038009,1.042276,0.99749875,-1.8792957,1.6101792,-0.09686852,-2.513159,0.42877838,0.25825843,-1.0443281,-1.3068893,0.41098619,0.80503166,-1.237182,-0.10348716,-0.6431955,0.5361109,-0.2922383,-1.1142406,-0.03465012,-1.7227577,-0.2740211,1.1060771,1.8719121,0.3463093,0.25333348,-0.24612539,-0.32192278,0.7224358,-0.41324988,0.83206487,-1.5921843,0.7450259,-1.5960927,-0.06786576,-1.045039,-2.3963194,-0.24167779,1.3072245,0.12314888,0.099495284,-0.12730579,-2.6152346,0.019441478,-1.623054,-0.6451941,0.21063003,-0.94704115,0.16693582,0.58087945,-1.083899,2.0693789,-0.52032393,-0.9661261,-2.2621784,-1.4172136,1.676564,1.1105248,0.70284724,1.0300236,-0.3478388,1.0727977,0.68064594,0.62489766,0.020876301,0.12233148,-1.6932741,-1.0465176,-1.4276192,-0.55741394,0.7495519,-0.81213427,-1.3487618,-0.42015812,0.5545226,-0.39900336,-0.9544619,0.90464926,1.5174786,-1.7977742,0.9289979,-0.47215852,1.2637093,-0.47889304,-0.29091337,-1.641931,0.022431834,0.050093584,0.0965571,-0.6039098,0.7854546,1.309135,-1.9543045,-0.28361404,1.5239607,0.16768011,-0.10691137,-1.1875916,0.4533849,-0.9720457,-0.430366,0.32692945,-0.25573656,1.2609031,0.39298403,0.67075586,0.16938317,-0.045548238,-0.85043263,0.96071494,-0.07522469,0.0018923191,0.3669185,0.38577518,0.41267684,0.24025695,-1.6295372,0.69863206,-0.38905117,-0.9827167,-0.48789516,0.7742769,1.1092604,-0.31333807,0.48534802,0.5239,-0.35290357,1.4909188,-0.40818638,0.36895043,0.032420926,-1.5467153,0.14802882,1.2380414,0.05357696,2.001519,0.14861943,-0.9085565,-0.3281591,-1.453213,0.5817555,-1.3487307,2.1662204,0.5333186,-0.08271549
-0.6499723,-0.37567505,-2.4513967,-1.1517906,0.3315512,0.686265,-0.34931093,-0.12475833,1.0105795,-0.60680497,0.9870395,0.6110535,-0.8982327,-0.55460066,-0.16979995,-0.38096544,-0.36786538,0.67824495,-0.09782249,0.23023616,-0.015322681,-1.3541244,-0.39173344,0.3833721,0.87002563,1.2978567,0.88779217,0.40865505,-1.1686931,1.7268659,-0.11497006,0.5341526,0.94014984,0.05555693,-0.37307742,0.71375895,0.6652829,0.64477324,0.39785835,-1.4249347,-0.83558655,0.44098166,1.4747043,-1.2065916,-0.70555377,1.145068,-0.61192924,-2.2047853,-1.6851872,0.14559977,-0.6993203,0.3449469,-1.2973174,0.72849643,-0.08670228,0.0137737645,0.33840746,-0.93202996,0.16641766,-0.9535108,1.3808578,-0.7381025,-0.4778554,2.645511,1.2862432,1.5450559,-1.9282535,0.59909666,1.1059382,-0.86696666,0.5908149,0.6161481,-0.5627059,0.8102369,0.9540021,0.8289716,1.7482736,0.68713975,0.3206394,0.8923499,0.3478507,-0.46385872,-0.84788114,-0.34248745,-0.8624937,-0.5505649,-2.1992943,1.8081491,-1.7152929,-0.6870382,0.18049248,-0.24010952,-0.8146163,-0.5046176,-0.102009594,-0.2643315,0.72154516,1.6897596,-0.63652974,0.58410245,0.25664243,-1.2641872,0.33821866,-0.3223814,-0.70831203,-1.7063824,-0.625252,-0.42601052,-0.7505679,-1.5388911,-0.43107495,0.569574,-0.24301443,0.07330071,-0.39632994,0.5021721,-1.3012657,1.5042595,-0.416185,1.9866081,0.7659296,-0.8173098,-1.4415311,1.5933114,-1.9653451,0.12203635,-1.7777865,1.6866188,-0.6860655,-0.24208823,0.17651047,0.64573896,0.7776879,0.37835562,-1.1045063,-0.6245671,-0.5541388,0.9529689,0.46294615,1.5134529,-1.8289506,-0.8587792,0.09289194,-0.4056181,0.83560914,0.91161555,0.56797385,0.1258691,0.058759917,-0.69103307,-1.9128041,-0.26717594,1.2080982,0.3082803,-3.0243628,-2.1900856,-0.12737554,-0.4239585,0.32952783,0.8465183,-1.6698064,-0.23446496,-0.55578214,0.8158763,3.404227,0.8036653,-0.9235017,0.30765578,0.7914175,0.44311127,-2.119622,0.48491016
0.071316935,-0.32415748,0.08950028,-0.8477139,0.9680437,0.27453277,0.4545324,1.140065,-0.29241365,-0.0004494126,-0.16243826,-0.48754132,0.21916842,-2.2690978,-1.4705727,1.126775,0.69436544,-0.14590247,-0.8324054,-0.9667272,-1.1627542,0.5480074,0.6338331,0.39846483,-0.08884769,0.9724515,-1.1417092,0.013484092,0.20819823,-0.33755037,0.15246344,0.7033415,0.7498531,0.3490809,-0.33248228,-0.33063668,0.045105748,-0.43821818,-0.9722399,1.3922316,0.9296626,-0.75832826,1.9248433,0.5106571,0.5584715,1.2686944,-0.92899746,-1.2039788,-1.9574339,1.0184476,0.75274146,0.4166249,1.5896455,-1.0158712,-0.4328945,0.14128663,-1.5009329,1.3199782,0.9794953,0.1436135,-0.73818773,0.17866808,0.80356663,0.11187617,0.5271844,-0.2685929,-0.14302132,2.198263,0.34468913,-1.0178796,0.43585268,-0.22358757,-1.1519986,0.24797048,-0.5769777,0.8918861,-0.80940694,-1.631003,0.38190272,-1.6143956,-1.3081561,1.372113,-0.8551031,-1.0587814,0.21810102,1.7640898,-1.0926712,0.270965,-0.5179271,1.9059505,0.71306044,-1.5481161,0.36564708,-0.07180417,-1.3215861,-0.15035187,-0.6733018,0.65489763,-0.33950627,0.91742206,-1.2047472,0.61776024,0.30831248,-0.6274404,-0.6808507,1.085993,0.7684324,-1.3243227,-0.6257612,1.4842227,0.56664884,-2.025876,-0.9355652,1.4651068,-1.5154636,0.37809116,-0.13652167,0.21791664,-0.67962027,0.81786144,0.2545174,-0.7758187,0.23399007,0.56505895,-1.3563782,-1.2148314,-0.06747285,-0.40629196,-1.4589722,0.03473552,-0.13961434,1.0609282,0.5620832,-0.56996816,1.1717504,-1.2026223,-0.7470433,-0.2743609,0.43461746,-2.3535004,1.0663109,-0.9813659,-0.7050783,-0.7532228,0.32769817,0.58438313,0.47466382,0.17665243,0.98907214,0.67528224,0.95306396,-1.4510765,0.89179915,0.5306281,-1.0485402,0.73529196,-0.19070478,-1.2872164,2.0652528,-1.3536088,-0.9154906,-1.1780771,-0.30591804,0.8740872,0.12387493,-0.59704673,-0.18106082,-1.1279745,0.5877655,1.4761388,-0.11732245,-1.3349009
0.43151122,-1.1223648,0.8841444,-1.0719534,0.9030502,1.393866,-1.849708,1.3788826,0.6538981,-0.60844207,0.09733905,1.6452283,-0.54062533,-0.16349088,0.4372145,0.4087175,0.303905,2.15138,-0.52586097,-0.35487562,0.108827956,2.009337,0.4887991,0.7103566,-0.222797,1.6725991,-1.0989025,1.4155529,-0.084871486,-0.91770923,0.30469385,0.15957668,0.4201624,-1.8477716,-1.0595526,0.059733745,-1.0569637,-1.5358307,-0.5570226,0.3265471,-0.199527,-0.020807907,0.17733188,-1.1652129,1.1520752,1.3569754,0.015151746,1.3094219,0.79305565,-0.2771536,-1.5326651,1.9184372,-0.33260268,-0.5055389,-0.565603,-0.36449176,-0.052939642,-2.2171738,-2.2943783,-0.3539262,1.1076018,1.7856421,-0.01980542,0.99944216,-0.46383193,1.6688576,0.23843992,-1.9153216,-0.88127476,-0.598934,-1.3628047,0.26670182,-1.7910717,-0.19735512,0.16875824,0.5100348,0.382119,-0.21562156,-1.1500576,0.2990418,0.4068483,0.5820728,-1.4794034,0.7714627,-0.1397646,-0.8736107,1.662492,-0.13717593,-1.0582067,-0.32114276,-0.7219362,-0.01348719,-1.0439448,1.1192706,1.495343,0.6636707,0.74822813,-0.8472691,0.45086476,-2.1523898,1.0269789,2.2750914,1.0791924,-0.2235435,1.4546736,1.5467752,-1.2782737,0.5683304,-1.4779384,0.40719584,-1.0237896,0.7139593,-2.0960462,-1.3790823,0.41547385,-0.6775202,-0.12517993,1.6399772,0.229645,-1.2745117,-1.0528733,2.0500305,0.21356125,-0.85998136,-1.3591274,-0.7615594,-0.70464265,0.5086413,0.25823554,1.2337294,0.1610902,0.9606956,-2.5028694,-0.43173897,0.20827946,1.5900896,-1.320437,-0.34717867,0.78826404,0.41434678,-0.53691775,0.61991763,0.28068975,-1.3497877,-2.5241318,0.8094712,-1.5589055,0.0677511,-1.1910157,0.044330537,1.2689084,1.1649653,-0.727186,1.1100932,0.47174078,-0.929844,0.021960577,-0.3755756,-1.8125845,-0.711259,-1.1549386,0.6662986,-0.39068717,-0.9687844,0.2630651,0.17498977,0.39105305,-1.1411389,-1.8609881,0.68701696,-0.22883424,0.03110085
1.2602748,-0.47660655,-1.2952957,-0.6415153,0.10299848,2.6221724,-1.4832056,0.4037478,1.742489,-0.7871583,0.5604521,1.0148243,0.7415678,1.3208257,0.04712782,-0.815992,0.83647156,0.107256494,0.79032564,-0.75708735,-1.7454457,1.423178,0.13001563,-1.5404017,-0.27576572,-2.2162647,0.20919329,0.70436907,-0.53348887,-0.25250515,1.7245598,-2.2945757,-0.11152281,-0.38422722,-0.7217557,-0.5690025,-0.2975161,1.2896118,0.85546046,0.713032,0.60881335,1.13937,-1.0599372,0.612096,-1.1328751,0.5812724,-1.2511575,1.2850918,-0.56766486,1.0486376,-0.00089863024,0.68549293,-0.5426809,0.5630342,-0.11009887,-0.33651492,0.9755525,-1.3599938,-1.6437548,1.7445145,-0.047048233,-0.20030189,-0.002787258,-2.5735786,-0.9186859,0.42171615,-0.80797946,0.18456966,-0.40802473,-2.4595797,1.2198666,0.19374038,0.40926558,0.660588,1.4373094,0.33789372,0.09309159,-0.8088189,-0.41485143,-1.2047815,1.03889,1.5036969,-1.8140566,-0.40522933,1.5416635,-1.8739978,-0.19178385,0.58756024,0.47763976,0.12415676,-0.2817746,-1.2599549,1.3444033,0.26002508,-0.7825906,0.21450238,-0.30176717,-0.7341131,-0.07245977,-1.532933,0.5422656,-0.30673423,-0.530303,-0.12667845,0.26318476,0.5706689,0.5241326,-1.8491396,-0.062121842,-1.7309681,1.3493186,-0.84455997,0.4304651,0.7696763,-0.120061226,0.37539712,-0.0680627,0.95895517,-0.8231506,0.89237946,1.0586113,-0.16513163,-0.7637475,1.3035244,-1.2477565,-0.38421828,0.253106,-0.21667239,1.2572359,0.08429188,1.4002681,-1.3358363,0.27972037,-0.08731759,0.8494444,0.90824324,1.6988727,0.36914593,2.849944,1.4048057,-0.06501522,-1.4641927,0.0975498,1.5498409,-0.5374924,-0.3829884,0.2949681,-0.26934043,0.49173123,0.1804899,-1.2965221,0.05409249,-2.2767901,-0.39177835,0.1697896,0.66729957,-0.57786334,0.54329544,2.9172766,-0.44908822,-1.4893987,0.104219094,0.29774696,-0.51347023,-1.0574292,0.6657729,0.92437875,-1.8716661,0.3770939,1.4755973,-2.8599217,0.7399778
-1.9672452,-0.6855899,-0.19064546,0.036878575,-1.4096497,-1.9636061,-0.44961777,0.4079606,-0.53217864,-1.3221703,-0.32294154,-0.66153204,0.43757978,2.050382,-1.892536,-0.53687733,-0.0060238084,1.6606854,1.9142163,0.7631682,2.3295984,1.7138416,-0.11479599,0.7457143,1.0470994,0.4261623,-0.68391633,0.2361879,0.3824549,0.6422352,0.45662394,0.33035842,0.32975268,-0.8432635,-0.041812092,0.2898069,-0.7506167,0.30388564,-0.66965824,-2.431072,-0.9175394,1.1831625,-0.8653744,-1.41819,-0.7608481,0.7845877,0.81215787,0.04443794,0.47471273,0.31431994,0.268337,-1.0577091,1.8052775,0.53415245,-0.7542844,0.32485938,0.1512257,0.45162433,0.14978088,-0.11699318,0.61646354,0.18278743,-0.09585415,-0.6279639,1.7900858,1.3174132,-0.81771487,0.66270983,-0.3269453,-0.6182189,0.826679,0.19037415,0.24304289,-0.7331716,1.122118,-0.20875266,1.3185563,-1.9005607,-0.12293757,-0.82196873,0.6965883,-0.13684455,-0.3527524,-0.6040466,-0.72957397,1.4125113,-0.9865312,-0.26846528,1.9329784,-1.2790085,-0.055600323,-1.4082304,-0.31760237,0.019136861,0.7186733,0.13678604,1.7490059,0.5759775,0.32208252,0.46855414,1.6988034,0.100202896,-0.26504284,-0.059888043,0.9518892,-0.71098894,-1.3116819,2.2563643,-0.08329685,-0.6310147,1.8171425,-0.6982041,1.0830398,-1.1722511,0.5022022,-0.022969725,0.4134645,0.2807749,0.2806502,-1.6424247,0.039333034,0.6087699,-1.1064928,1.1658936,-0.49291995,2.00077,-1.6553761,-0.8730315,0.1627777,0.9529581,0.6088481,0.119275175,-1.106417,-0.31412092,0.0011380157,-1.1597106,-0.08373676,0.9409492,1.2846742,-1.2094406,0.71601427,1.0583466,0.6076253,-0.3295469,-0.917886,1.0918725,-0.17132492,-0.58966005,1.4564052,-0.666582,-0.8192702,-0.6627278,0.5774582,-0.10432226,-0.38060284,0.11656156,0.74952966,0.7298969,-1.2371416,-0.76893973,0.33850995,1.1257658,-0.2737856,0.018409168,-0.59564984,-0.06414933,1.5576904,0.43572003,-0.59652644,-0.4292709,-0.85014766,-0.42720073
-0.091522984,-1.2487085,0.0451415,-0.33966973,-0.3797256,0.14053258,-1.2416745,0.27023315,0.26526532,0.16959204,1.7537756,-0.78105074,-1.7195758,-2.9045534,-0.026904855,-1.1155268,-0.48278898,0.39207911,-0.2873442,0.6552408,1.6684527,-1.5085341,-2.5412352,1.4067695,0.3785959,-1.1681639,-0.04741389,-0.19581892,-0.9117524,-0.386371,0.7186964,0.62925947,-0.15154484,1.626142,0.7508555,0.9392561,0.24231052,-0.6793831,-0.77031595,-1.8672639,-1.2017454,-0.22805215,0.762041,0.7046545,1.6133959,-0.22624978,0.11347789,-1.2820972,1.4642036,-0.88769025,-1.1066376,-0.13360338,1.9084603,0.6698481,1.8707755,0.10870507,0.40036315,-0.23854862,0.9184075,1.2654228,-0.7536847,-0.0734481,-0.29905322,1.4162865,1.1923031,-0.060312014,-1.1715304,1.7681693,1.5393188,0.41112816,-2.4706163,-2.263391,0.80930865,0.5956673,-0.09770984,-1.1601288,-0.45370266,0.31808528,0.36543697,1.4093689,0.31393492,0.7628174,-1.7760558,-0.12140368,1.8254473,-0.94816494,1.1631826,-1.261617,0.9933296,-1.7346244,0.020218175,0.74751776,-0.7868763,0.43004975,0.3856721,0.23500659,-0.8666431,-0.38790846,-2.5776794,0.11877986,-1.2311691,-0.1623764,2.3605688,-0.39540604,0.83967644,0.70783466,-0.9462976,-1.1899984,-1.1172168,-2.0341806,-0.15036227,-1.1623224,0.17111133,-1.1523353,1.358344,-0.32929164,1.9907471,-1.4009913,0.6568091,-0.27056652,1.8727822,-0.7488067,-0.2696633,1.0342274,-0.07952303,1.0635409,0.269044,-1.2986563,0.5978819,0.0369248,-2.0502923,-1.7313732,0.38304555,-0.6721821,1.3384291,0.75188303,-0.030323803,-0.3695626,-1.1185223,-0.5430058,-0.58878297,-0.96952987,-1.1413708,-0.7113513,0.6595133,-1.4895341,-2.1716185,0.8549916,1.5778086,0.79625887,-1.0297315,-0.2152268,-1.6838136,-0.21035708,0.7419941,-1.0790715,-1.7049873,0.6165495,0.977968,-1.2352518,-0.44126248,-0.12811922,0.403529,1.1083589,-0.20285891,-0.5912189,-1.1780442,-0.3751739,2.3817427,0.49867505,-0.8855262,0.46715868
1.059144,-1.2576915,-1.5954832,1.75586,-0.8299673,-1.0809418,-0.6064958,-1.1756196,-0.38903177,-0.7843246,0.8512672,0.76556593,-0.13043773,1.2791603,2.8454616,1.0297304,-1.6164057,1.9609418,0.46650618,0.033382874,1.2168788,0.24300523,-0.3334234,-0.053795163,-1.9954314,-0.38470092,-0.5111959,0.3347033,0.43418875,0.85371554,-0.7545064,0.5780458,1.0535886,0.019204596,-0.31479493,1.1010934,0.87577647,0.268371,1.1535419,-0.82548445,-1.3675222,-0.11059649,-0.13593192,-0.025567979,-0.46733066,0.58563614,1.6814682,-1.1311717,-1.5819316,0.6346708,-0.42414796,0.833531,-0.6668731,1.1591921,0.6607607,-0.6098952,-0.8277286,0.033449683,-0.44111517,0.008895308,0.8517589,-0.66220844,-0.92166007,-0.30126604,-0.39488882,-1.9731026,0.7769033,0.09928893,-0.33108824,-2.4180875,-0.6302574,0.043158513,-0.076368846,2.3537989,-0.88225037,1.0426646,0.09325472,1.5464369,0.7221381,-1.4653093,1.603568,-1.2276629,0.39747766,-0.39576033,-0.24050832,0.35859433,0.8453463,0.16630588,-0.4057106,-0.9484797,0.7763337,-1.4546732,-0.8703701,-0.5234645,1.2080576,-0.035999823,1.3218988,-1.4618663,0.7193729,-0.29556417,-1.2262546,0.88974667,0.2830498,0.39309865,-0.8151658,0.6450032,-1.1534233,-0.7010716,-0.68236136,-1.0614146,0.27321914,0.6212742,-0.1515693,-0.19870988,-0.74114966,0.9440655,-1.6586313,-0.7695701,2.9969125,0.46082735,-1.0113757,1.3802357,0.23214361,-0.538217,-1.9483746,1.7211683,-0.12247201,-0.3795744,-0.5749633,-0.31429958,-1.840937,-0.4811508,1.4534434,0.2724856,0.8161325,-0.891607,-0.35411963,-1.1238558,1.8094741,-0.5224705,-1.2625542,-0.23534302,0.97872686,1.5576801,-2.0918653,-0.61586463,1.0231253,-2.100026,0.60656416,1.1488906,-0.23636082,1.8329061,-0.6587098,1.5243574,1.6356369,-1.2488513,0.49777603,-0.16798702,-1.7892416,-1.4155887,0.57874525,-0.5671611,-0.8816148,0.023568785,-2.3574057,-0.29737645,-0.32784408,-1.6958569,0.7668455,0.7057189,1.8126624,2.607226
0.17052376,0.3725435,1.4819572,0.16963682,2.1276615,0.8530255,-0.829109,0.15146099,-0.98157007,0.4243664,1.3278856,0.060674205,0.6936038,-0.29176256,-0.33748496,1.3599651,-1.2489783,0.17363143,-0.603435,-0.9165241,1.4698194,-1.3478491,-0.1375581,-0.4034992,0.27759555,-1.12802,-0.73966795,0.5417837,1.9554706,-0.16950074,-1.6033503,2.1191487,1.6158288,2.4949844,-1.456988,-1.4576895,0.3785391,1.2432191,-0.42336065,0.2717242,0.88470143,-0.46569383,-0.029669743,1.2248375,1.8457291,-1.5759034,0.6808263,-0.13614646,0.08221329,0.04446191,-1.5186802,-1.3453398,-0.09058242,0.55957216,0.8277887,-0.15813059,-0.23021352,0.7934983,-1.5518556,-1.8122684,1.1107478,-0.4464813,-1.066897,-0.13482028,-1.2667274,1.1552086,-0.2846719,0.29509014,-0.54944646,1.4624305,-0.4908351,-0.5349551,0.002512795,-0.5822246,0.7840025,-0.6649581,0.8639175,0.47400272,1.0478082,0.048401352,-0.13630736,-1.2888772,0.7326701,-0.6110252,-1.5103261,-0.21189743,0.3299969,0.13127798,1.3339932,-0.53492206,-0.5081008,0.11670641,-0.50842595,-0.12953112,-1.6132112,0.8071415,0.03491164,-1.2602595,0.7733346,-1.5168453,0.17262167,-0.41533196,0.041321162,-0.7344868,-1.429858,-0.11585886,-1.9539818,1.2606928,-0.35572246,-2.136369,0.16897388,0.11470391,0.07281898,2.1629703,1.9098508,-1.534582,-0.026088433,-0.3218303,-0.50067943,-0.90122503,1.2872583,-0.09406749,-0.06535881,-0.6062589,-1.0167084,-0.71139675,0.9604879,-1.5742979,-1.1476737,-0.23030001,-0.83650774,0.19692613,0.4160229,-0.025305564,0.27990112,-0.5107267,0.22510868,0.28152564,0.05510214,-0.44600764,0.84163266,0.4500112,-0.26783568,0.5993678,0.8312441,0.0075642685,1.3823532,0.42679593,-0.31097165,0.058972865,-0.6770752,2.4322708,0.44529653,-0.81096137,-1.0870111,-0.8644415,-0.37694284,-0.34660587,-0.1415373,1.7110089,-0.14878978,-0.035800233,0.9538904,-0.22904472,0.460272,2.0138872,-2.1197731,0.41134077,0.6174024,2.3594449,0.65368015,-2.9216356
1.164416,0.052430082,0.5567799,1.4220074,-1.2696439,0.91857046,2.1265128,0.38358328,0.16380711,0.6103342,-1.5900106,0.09142869,0.5505802,-0.5408138,-0.68307143,-0.99301785,2.1493025,-0.81944525,-1.3138144,0.27229694,-0.15862711,0.5985162,-0.36556834,-1.9468498,-2.207247,0.67893887,-1.9092324,1.5177631,0.16524181,2.1457596,-1.4984363,0.9353192,0.13059983,-0.75440806,1.2345071,-1.1763059,0.5349449,0.2088964,-0.67392135,1.3760599,-0.774862,0.43662468,1.367719,-0.5235885,-1.5060291,-0.51803124,-0.13835785,-0.17466336,0.46507874,-0.81267256,-1.4819041,0.3765359,1.2042127,-0.9477903,1.0346836,-0.91333455,1.2158779,-1.0910095,-0.76827884,-1.8645614,0.67064804,-1.6898903,-0.8521693,-0.73325354,1.9235009,-0.6398143,-0.67524296,1.6479672,-0.40652257,0.17189156,1.4125293,1.0492467,1.5612924,0.3347611,-0.5254991,1.0178891,-0.35229692,-0.5786423,-0.5033607,-1.313663,1.6526506,1.0441418,2.5613723,-0.50030816,-1.7055749,-2.2240953,0.4430164,-0.2845648,-0.86461794,0.7682065,0.53812087,0.2580994,0.42808416,1.2962657,-0.55894125,1.2941461,-0.38995218,0.44377798,1.0984541,1.6606287,-0.14333364,0.16935356,0.6361818,0.8548424,1.2968764,-0.62266535,-0.82319945,-0.6423407,-1.3815637,-0.67704785,0.51269674,-0.563027,-0.9966393,0.5026873,-0.27424833,0.37046537,0.46651968,-0.4703136,-0.22476888,0.58546656,-1.5185496,1.3239685,-1.9057302,0.9496971,-0.1679924,-1.0833981,1.0133532,-0.35357568,-0.83280396,-0.013215546,-0.68799806,-1.1909518,-1.9033564,-0.45700818,-0.16000696,-0.6913521,0.7737819,0.59177405,-0.033356216,0.62736046,-0.5000321,1.6964489,0.61754555,-1.01063,-0.2740277,-0.4439217,0.44185466,0.3321098,-0.9560933,0.25660086,-0.53402376,0.33850482,0.8074673,0.23983108,-1.4690443,0.8365769,0.76478446,0.10809403,-1.0413351,-1.0798224,-1.5488743,0.4768558,-0.16333097,0.8694623,-0.24259487,-0.44694543,1.6351304,-0.95249635,-1.0534087,0.5799932,1.4000678,0.7691886
0.5553345,1.9871092,0.48172677,-0.22489245,0.48999667,0.11752744,1.9197313,-0.5791369,0.13866007,1.1058257,1.064229,0.35969612,-0.04473607,-0.6378497,0.92386836,-0.55262035,-0.19663936,0.079084456,0.92623425,-0.5258887,-1.0646598,-1.1989691,-0.48697808,-0.18703699,-0.92427224,0.44544557,0.32306924,0.50018376,0.5675443,-0.8392699,0.45093903,1.3627437,-0.95018107,-0.5192626,1.4485453,-0.502464,-0.6655566,0.75780106,0.951352,0.60078704,0.47336343,0.072971836,-1.9224286,-0.099458724,-2.5446315,0.21216947,-0.38747257,1.607591,0.8232938,0.40366876,0.39354885,-0.5411976,0.59574586,-1.4760057,-1.536594,0.21986602,-1.6323948,-0.6954197,-0.47634065,0.5298341,1.7028688,0.9785136,1.1564848,0.39823395,0.905265,0.3794104,-0.9843554,0.68422043,-1.9305062,-1.0626918,0.583904,0.4027499,-0.20885214,-1.0077457,1.706421,1.856436,2.715127,1.0700424,0.7130082,0.95476896,-0.86488897,-0.75806016,-0.2495754,-2.387921,-0.23320086,0.58398825,-0.61701775,0.39724794,1.3328842,-0.6513947,-0.6158904,0.79326427,-1.7143201,-0.55794084,0.9734911,-0.47775006,-0.50684404,-0.74429953,-0.36261997,-0.22830972,-0.51383156,-0.85719186,-1.4875387,-1.0084152,0.34765494,0.17390744,0.17166284,0.33256766,0.4107341,0.5437998,-1.253533,-0.027226953,-0.952916,-0.41276872,-1.0109628,1.0949941,-0.57289886,0.1470086,-0.23332623,-0.7407903,-0.52597296,-1.2874665,-0.20738505,2.5437074,0.28508985,0.13692977,-0.83231723,-0.4188713,1.8372412,1.5865731,-0.25148723,-0.12993416,0.93998426,-0.8661379,0.9488384,0.93644637,-1.3736982,-0.3886593,-0.7976926,0.0160525,0.6958838,0.92857164,-0.42885587,0.90157634,-2.4440367,0.08267308,-0.9193769,0.019725457,1.008665,-3.041539,-1.0608768,-0.6262498,-1.2524098,0.9794298,0.7677791,-0.62251127,0.37559357,-0.41838828,1.3298049,2.3302212,0.28173324,2.151187,0.804713,-0.20411104,-2.214601,0.09320755,-0.6016207,-0.76015097,-0.11341297,-0.97708374,0.5818278,0.014882634
1.1684878,0.9778126,1.1804279,-0.64326584,-0.097111076,0.5986631,1.1441681,-0.21041662,-1.1399553,-0.8310745,0.4731334,-0.39089814,0.6097093,-1.4417218,-1.0702337,1.3092765,-0.79595816,0.9543002,1.0889384,-0.29680666,-0.39233336,1.1277153,0.041312188,0.7785985,-0.5915698,0.45995304,-1.5149913,0.5124412,-0.91167396,0.24875931,-2.0069778,-1.2850323,-0.45861533,-1.744704,-0.067027524,-0.106550656,0.9867887,-0.39935562,-0.9754987,2.8105006,-0.069197856,0.058634546,-2.3444998,1.9095094,-0.80645967,-0.6136086,2.037444,0.80706304,-0.8606966,-0.18821798,0.78810054,-0.9486315,1.3188566,-0.74887997,-0.072524294,2.386855,0.030395124,0.36192855,-2.6267722,0.28003484,0.13130055,-0.24362043,0.11740897,-0.7569249,-0.20550251,-1.6153092,-0.83674836,0.16465157,0.6026593,1.9176064,0.38935754,0.026851526,1.690072,1.0011284,0.6415059,1.7377571,1.3148826,0.6660494,0.23336934,-0.8580177,0.5955712,-1.052723,-1.2977672,0.93907225,-1.552049,0.027223548,0.54463977,0.5151032,0.24621126,0.5567498,0.9402477,-0.6593995,0.7695953,-0.86949533,-1.2361815,-0.41049093,-1.1540442,0.62767476,-1.7007842,-0.773743,-1.0320385,-1.306018,-1.3235712,-0.51960224,0.55041456,2.925289,0.06533287,0.4052024,0.4778633,-1.39727,-1.48777,0.5998602,2.0047011,-0.77226865,-0.44970977,0.2923703,1.9054083,-1.1110512,0.046663005,1.6153977,0.16216804,0.5638328,-1.4958609,-1.0187386,0.07734209,-0.26725757,-0.572353,0.18745515,1.731304,0.30103233,-0.48345938,2.5511754,-0.2709287,0.9388896,-0.15635885,-0.26280418,-0.9621145,-1.1914899,-0.577153,1.6427953,1.2892009,-1.035453,1.1135895,-0.28652403,-0.6916975,0.43987486,-1.5275438,1.180843,0.6181563,1.9877799,0.015457796,0.020532671,0.08118213,0.6436078,1.0569526,0.35887307,0.7408826,-0.46601564,-0.09589842,0.7650539,-2.3605947,-2.1552513,0.5155694,-0.3542734,0.07177681,0.23059215,-0.33816892,3.0760846,0.1508127,-0.49492314,-0.83561176,0.39445114
1.3702571,1.2205611,1.5682962,-1.3334569,-0.5706945,-2.2108505,-0.7296413,1.5847468,0.74718356,0.7149145,-0.030517913,1.3774736,1.1937919,-0.4512131,1.6718825,-1.7678626,-1.7913784,-0.76104033,-0.15326607,-0.41374573,-0.090584256,-0.3454374,-0.5905824,-0.6832218,0.28706443,1.3087382,-2.2752323,1.7288206,-0.5127457,-1.7100289,-1.0504265,-0.6324744,0.7143492,0.061184563,-0.37193906,-1.3291782,-0.40551096,-1.0379966,-0.32631364,0.56326556,-0.10812062,-0.25695884,-0.027634116,1.8926942,-0.18921372,-1.1964993,0.4266741,-0.4279943,0.49838367,0.29043058,0.4265035,-1.2158835,-0.22637162,0.13529232,0.25609082,-1.6738055,1.9256449,-1.0957566,1.3309089,-0.90676093,0.07250664,-0.8250593,-1.281437,-0.6267002,0.6396853,1.1998037,0.112269185,0.47433853,0.68457246,-0.17729221,-0.95069224,0.7265045,-2.3094585,1.2383363,-0.27778748,1.092375,0.2509013,0.8316355,-1.8140671,-0.059660017,-0.5438426,0.6480248,-0.18356009,-1.017196,1.4900723,0.3640944,-0.32970938,1.1671283,-0.41212168,1.4766915,0.37404275,0.8072243,-0.82916933,0.27981398,0.121085584,0.4095373,-1.7749594,-0.3608453,0.5213363,-0.64126104,-0.14251027,-0.20040491,0.8453926,0.15123157,0.45263052,1.6289513,-0.05070634,-0.16536793,-1.0051173,-1.8924806,-1.4756166,-0.9365231,0.8998794,0.84714127,2.2222102,1.3713838,-0.3907895,-0.7927393,0.23152891,-0.48361927,0.90086704,-0.6967464,-1.2081915,-0.78193134,0.08373209,-0.44064596,-0.057981443,0.2914641,0.21790168,-0.08907335,1.1964598,-0.29719424,-0.59271127,-0.7586677,0.44742146,2.1210454,-0.84178007,1.4480722,0.58303434,-0.06397787,0.9305689,1.0272198,1.3072213,0.5579206,-0.13255773,1.2081954,0.88782036,0.35691702,-0.15645565,-0.33715278,-0.44995207,-1.7061958,0.50076395,-0.47415692,-0.6687181,0.2965544,0.12673193,-0.43016168,-1.5409025,0.19592115,0.84715176,1.1505562,-0.60957533,1.3545429,0.45300806,-1.4397212,0.7948211,1.3896435,-0.9336008,0.8778676,-0.38611516,-0.73104674
2.0801275,0.19591936,-1.4286267,-0.8054448,0.011868351,1.2786809,0.38081625,-1.176358,-0.8823278,-0.42587578,2.1470451,-0.5803604,0.4829922,2.8824291,0.13111266,0.5022622,-1.5369767,-1.1566494,1.5491389,0.2787292,-1.7166668,-0.6167527,1.6365666,0.9204811,-0.7194731,0.16340867,-1.2451322,-0.19690453,-0.21777031,1.1022745,0.17806812,0.35586363,1.1412953,-0.14216022,0.0063506304,0.19552197,0.0039975583,0.28139126,-0.04090042,-1.0490398,-1.1060736,-0.62913203,0.90500516,-0.63802123,-0.7432328,-0.023566455,1.4129165,-1.2135442,-0.6270727,-0.9997293,1.092268,0.6051622,1.0673203,-0.9743793,-0.88654745,-1.7250866,0.86721486,-0.4003285,0.79365945,0.06116377,-1.0377225,1.6418301,-0.54592335,1.2388796,0.82926255,-0.20666924,0.3644412,-0.89651656,0.61922795,-0.47172472,1.2324526,0.9728091,-1.3760263,1.1867268,0.68405366,-2.1408284,1.0528504,1.2209489,1.3116225,-1.4357183,-0.32694438,-0.35894412,0.90201014,0.69289964,1.4754649,-0.9059587,0.5170192,1.4694253,-0.04601498,0.38446993,-0.9622219,1.1614331,-0.48780963,-1.0469917,1.2838993,0.40769818,-0.46119902,-0.9399755,-1.1082649,0.6866958,-0.97512174,0.38992706,0.16184166,0.08424199,-1.5146656,0.013857001,-0.4133805,-0.26161128,0.17182308,0.3331668,0.046434607,0.14295524,0.86233926,-0.4707926,1.0647252,0.35592666,-1.2001542,0.16836582,0.86610925,-0.035991985,1.0200406,-0.82815456,-0.5057295,-0.0019815082,-0.48835796,-0.371111,-0.2451437,-1.2417891,0.40790987,0.4713054,2.356977,0.82541674,0.491587,-0.8889823,-1.1358908,0.59534085,-0.12943089,0.029107131,-0.53502125,0.022650387,1.534564,0.17238966,0.343147,-1.5644205,-0.13798146,-1.0661111,-1.0581087,-0.37830707,-0.9621223,-0.4130705,0.28506908,-0.13773292,0.6228127,-0.58315575,-0.15392052,0.5158419,-0.5907434,-1.8643535,-0.26803604,0.61513245,0.6491215,0.4091008,1.1927722,0.83710533,-0.061929822,-0.52010936,0.33690706,-0.38578787,0.031536635,1.1055851,1.1699404,-0.024040414
0.5296292,0.9874187,0.93482506,0.5565512,-0.43935654,0.16149282,0.4689425,-0.5064894,-0.5494389,-0.64500093,-0.59771156,0.42040166,-1.7349066,-1.731977,-1.4499967,0.57570606,-0.17465466,1.1658584,1.1322632,-1.2444392,2.3117392,1.7984487,-0.040799033,0.5886628,-0.78591657,-0.86041677,-0.76718104,0.5312581,-0.00033500956,1.7619799,0.54509234,-2.163952,0.19296987,-0.6266519,-1.8040869,0.56006235,-0.08376523,0.7712574,-1.943703,1.096673,1.8356844,0.28423768,-0.44090125,1.4331486,0.5313553,-0.16749811,-0.36045447,-0.8231121,-1.2466874,-1.7101996,0.08919515,1.2905043,-0.1541005,-0.2170285,1.146235,-1.5942925,0.2231647,0.9066827,0.52416945,2.1174114,1.2233144,-0.3867372,-1.2995117,-0.86655605,-0.48044655,-0.45138273,-0.26190847,-0.6944019,0.223081,-0.15096903,0.11861601,-0.7911657,-2.0377955,-0.7152001,0.35487556,-1.7723793,-1.0924264,-1.0045636,1.6028608,-0.24026497,0.67489725,0.8429055,0.59439677,-0.32985392,-1.2838693,-1.4475775,1.3959502,-1.0834985,0.036687974,0.38110375,0.1983456,-0.34675026,-2.3883336,-0.032555733,0.5024007,-1.4480712,-0.36781088,-1.0365376,-1.4597096,0.43491203,-0.56005955,0.51907045,-0.7172053,-1.0635732,0.18687046,1.1926689,-0.6994169,0.5185766,1.225241,0.27401894,0.43016043,-1.0155382,-1.4708122,1.2237388,0.0014225997,-2.6737356,0.7892709,0.605167,-1.0679356,-0.24141134,-0.6811617,0.6075957,-0.25122172,0.7180311,1.5371504,0.6607865,0.93937856,-0.32255015,-0.014489396,0.055009816,0.4398541,0.5393794,0.33894867,2.0055726,0.51693684,-0.81627417,-0.14821397,0.47742704,-0.93406624,1.4477298,-1.1190659,-0.27755734,0.16580701,-0.2727795,-1.6846179,0.59246737,1.1027696,-0.7562534,-0.554356,-0.106086925,0.2932022,0.778036,0.12901933,1.7267323,-0.30315652,0.52703494,1.9895337,-0.64271426,-0.5631955,-1.642509,-0.34755898,-0.17759155,-0.75493443,0.186007,1.8214618,0.7336157,1.7611358,-0.36928713,0.5998953,0.464241,0.18666399,0.36931694
0.3223455,1.0775936,0.6372316,0.024324197,-0.47741756,0.016281353,-0.97035784,0.28809977,-1.9157029,-2.763363,-0.30788207,-0.21470882,0.23744921,0.6991186,-0.12514515,-1.9326552,-0.31748575,-1.530523,1.3131856,-0.3961563,0.15383296,0.9707885,0.16815968,0.7366294,0.19638048,-0.15619297,-0.6870942,-0.24655432,-0.22481632,-0.37343425,1.4896457,-0.47036737,-0.21610369,-0.016540444,-0.95973665,0.4081431,-0.86919755,0.12514009,0.30029693,1.5330335,0.03813752,-0.91257846,0.8502043,-2.9266224,-0.30146894,0.26129857,-1.5102577,0.58714,-2.3197274,0.30593228,-0.60664654,1.2216976,1.0251641,-0.82603186,-1.0307732,0.07860066,1.1604222,-0.34773603,-0.66616786,0.22055306,-0.6339827,-1.5268438,2.157964,1.5207621,1.1690096,2.3053854,0.1334497,0.84934485,0.7398072,-0.43226165,-0.47801307,0.4221398,-1.7740496,0.16086696,0.14645135,-0.705498,-0.8924095,-0.90750974,0.13192554,0.084422976,1.1407,1.6052281,-2.220193,-0.54682976,-0.4985366,0.62194544,-0.5156632,-0.3303406,-1.2875344,-1.7665304,0.7427847,1.1141639,0.97631115,0.25491452,-0.08489635,0.07196169,-0.44552475,1.610201,-0.5241901,0.5442536,-0.7070945,-2.6691332,-0.06436104,1.1248281,0.32326782,2.0006986,-0.116288066,-1.3206968,0.4358871,0.09048373,-1.5790298,1.6472732,-0.47624314,0.06410023,-1.2023408,0.46339017,0.32026726,0.4283986,1.9074128,-1.1493508,-0.48556525,0.26024356,-0.81729937,-2.0998485,0.94961995,0.17975497,2.1135147,-0.040056184,-1.5919224,0.23104638,1.2122359,-0.43895826,0.4332304,2.6652536,-0.91995007,0.33864954,-0.19624218,0.6611318,0.58709574,-0.13662103,1.0738295,1.4351499,-0.21762495,0.30113587,-1.3300259,2.5553107,-2.0448866,0.810139,-1.2081102,3.2515597,0.5458604,0.42809087,-1.0726749,-0.7235158,0.33089915,-1.0321822,-0.46292263,0.6943236,-0.93124074,1.1897734,0.034987327,-1.5219841,2.415345,-1.3550383,0.27734867,-0.6502082,-1.2341151,-0.09478523,-0.35386297,-0.6460093,-0.26307014,0.8140399
0.9695724,0.33353895,1.4327315,1.6024992,-1.2891661,2.1753058,0.58921576,-1.2431569,-0.6875092,1.307048,-1.1696417,2.510999,-0.33742043,0.37437427,2.0442474,1.4049841,0.0040955665,0.0032797256,0.49305958,-1.4383212,-0.6659757,-0.9163883,-1.8414962,1.0230563,-1.6792771,0.85013133,-0.7379996,0.13507167,-2.8408232,0.52042574,-0.7429659,-0.7680421,-0.4752783,0.11066117,-1.82827,0.81173354,-1.2110322,0.16591845,0.28135473,-0.6997943,-0.86809963,-1.1141037,-0.33072996,-1.2076398,-0.9437831,-0.45481774,0.012839475,0.89454913,0.30592477,0.24106912,0.7169503,-0.32633427,-1.131321,0.6169241,-0.59363073,0.8965218,-1.393187,0.4546197,0.83687747,0.330845,-0.22768477,-0.6549945,0.9257748,-0.56344235,1.4843345,-0.5298811,1.7126595,-0.779532,-0.018489694,-0.6094186,-0.22074108,0.9310104,0.028065247,-2.3308423,-1.6208795,0.12854563,0.90998733,-0.5713323,0.12337536,0.16598943,0.60519826,1.5531311,-0.870262,-0.8671828,-1.1848397,-2.293384,0.8148062,-0.7815668,-0.20004874,-0.7246751,0.060264077,0.13029346,-0.3076044,1.2215194,0.061830774,-0.46508393,-0.5770483,0.20470682,0.7475562,1.3358322,1.1046071,1.1875988,-0.375952,-0.2539473,-1.7267334,1.3102323,0.48591673,-0.65792936,0.88274485,1.2035854,1.8551233,0.5896079,-1.0134716,0.31124505,-1.020617,-0.30714142,1.1919979,-0.22264352,2.051502,-0.4698881,-1.2452915,0.22146443,-0.23129132,0.043314587,0.06475677,-0.26422697,0.4542444,0.04050105,-1.2386644,-1.3178115,-0.30349672,-0.3564646,0.46924987,0.5843396,0.457405,0.40506434,-1.151817,-0.4627385,1.5419077,0.2117557,-0.35044697,-2.3406558,1.3978747,-0.43501928,-0.19542344,0.62106174,-0.57230985,-0.11768786,-1.3143979,-0.6448766,1.0849378,1.7847927,-0.7574869,-1.1584648,-1.1518593,-2.5202565,1.1055051,0.5137429,1.0117879,-1.2377251,-0.07549542,1.3273541,-0.30261877,-0.56650156,0.0039383504,0.837594,0.75118715,1.5884285,0.45758545,-0.8919045,0.1372389,-1.3628534
-0.36879387,-0.8496028,-1.1116755,0.6310157,1.5383795,-0.05615752,0.27474526,1.2717226,-1.2520971,-1.5927218,-1.1841028,0.325837,-0.06098306,-1.0413386,-0.04317869,-0.84569246,-0.27461484,0.054032657,-1.0108786,1.3357289,-2.1858068,0.06477839,0.034095015,0.6400111,1.4366869,0.3891546,-0.0997734,-1.1990556,-1.3552009,0.44891176,0.5052738,-0.010161785,0.5514079,-1.748691,0.42036808,1.0706893,0.51262623,-0.4407867,-0.5483161,-2.2326813,2.2326136,0.95825845,0.5627143,0.69166934,1.1170549,0.1900645,-0.023928825,-1.2978549,-0.69784,-0.731675,-1.0022396,-1.3067292,-1.2870368,-1.3644964,0.38109416,0.7526914,-0.42632428,0.340451,0.3836554,1.5934588,1.1420937,-1.9063852,-0.6871408,-0.12338479,-0.7959343,0.9488504,0.6031431,-0.9450627,-0.76037586,-1.122719,0.658872,-0.5704252,-1.2309821,0.29304615,0.82814455,-1.5454775,-1.3174964,-1.8296643,-1.1876029,0.66992337,-0.35580045,-0.49809444,0.4757965,-1.7793123,-0.4065514,0.39880598,-0.15940504,-0.4264276,0.694515,-1.3920081,0.6086966,0.4122981,1.2504828,-0.6793177,0.8401658,0.00563138,-2.1218274,-1.2335556,1.5224192,-0.18782705,-0.052265186,1.8266109,-0.47712353,-0.32915774,0.75536907,-0.27757424,0.4166677,0.53117794,-0.22800504,0.40335166,0.18613496,1.8788403,-0.009968466,-1.9522551,-0.24996226,0.35787526,-0.76086295,2.2258897,1.2865798,0.46315902,1.532976,-0.08025496,0.25210372,-1.0962656,0.06993694,-0.30253294,0.5265058,0.5293861,0.20107313,0.3555099,-0.011441166,-0.5701122,-0.14946844,-1.455822,0.2682666,-0.5304268,-0.22900406,-0.88708895,-0.5754524,1.2442921,0.29251862,-0.19577849,-1.1558926,-0.9315158,0.9049243,-0.01723836,-0.13049155,0.35907155,0.18787412,-0.88175017,0.3179389,-0.58606756,-1.208406,0.098759875,1.0523796,-1.3575808,0.6284572,-0.791827,-1.6563504,1.9642634,-1.9647616,-0.092973955,-0.6696446,0.24561867,1.7043464,1.6090828,0.8184387,0.38580057,-0.22134542,0.0033818046,1.307227,-0.21212737
2.173417,0.1566935,0.39110363,1.2257535,0.7779986,0.1730523,-0.16736403,-0.38053888,-0.4159616,-0.5171788,1.3137263,-1.3396419,1.1995069,-1.6292313,-0.70634234,1.3855194,-0.9396457,-1.0336362,-0.09978564,0.36843404,-0.2911788,-2.3796399,1.9705615,0.9569154,0.37577915,1.0586077,-1.5441647,0.23937494,-2.6166763,-1.1275584,-1.0477458,0.23953514,0.5510819,0.2885966,0.7615399,-0.23575528,0.6971541,0.5805994,1.0938241,0.6839569,-0.9175288,0.28873193,-0.7500471,-0.8782634,0.520367,-0.39199737,-1.4507291,0.74354374,-0.29608694,2.640339,-1.2040291,1.234089,-0.8752189,0.3791449,0.80562186,-0.11878872,-0.54515225,2.6252007,-0.35658854,0.5560191,0.19796756,-0.57834756,0.86461395,-0.11349383,-1.2069464,-0.6756413,1.0970701,-1.3780236,-0.3620908,1.3308575,1.0195953,0.3005451,0.08581007,1.2695205,0.009079945,0.96906537,-0.55475235,-0.9284928,0.7519211,2.1278043,-0.47490147,-0.44342405,0.826603,-1.489617,0.70283043,-0.23752947,-0.67348355,0.5824168,-1.9294778,-2.269426,-0.5774284,-1.4355503,0.19365785,-1.0911354,1.6082412,0.5695257,-0.23591274,-0.5643399,0.2585746,-1.2178308,-1.9607707,-0.36632967,-2.9631796,0.022342166,0.5732258,0.52476066,-0.43606433,0.8624041,1.2506702,-1.2135618,2.080154,0.3143219,-0.69149756,-0.7074999,0.3413482,1.4538449,-0.5789222,1.3411995,0.0642397,-1.4205016,0.15448757,1.2874131,1.031101,0.40705317,-2.1489332,0.24111544,1.8877081,-0.8135597,0.16396648,1.0119846,1.0358088,-0.24517152,0.6778006,-1.0132191,-0.21890217,0.44981426,-0.8595956,-0.27190053,-0.26158115,-0.27281895,-1.1559684,-0.46210063,0.5197896,-0.558668,-0.39258787,-0.6767338,0.6614434,-0.42473742,-1.1169056,-0.26528203,-0.57914966,0.93362355,-1.5535814,-0.34494042,-0.47570798,-0.09153404,0.70263374,0.22590432,-0.6825242,1.1114166,-0.038545497,-2.6331203,0.7337971,0.6593658,-1.6416212,0.6992267,0.0139968125,-0.48123285,0.28100386,-0.119152114,0.27326056,-0.72793984
0.519458,-0.68099016,-0.500383,0.18527421,-1.3103077,0.13521357,-1.0582027,-0.13695765,-0.6671528,0.68055797,0.30528677,0.064728096,0.74587095,1.0750229,1.2994165,-0.23693241,-1.0043964,0.441173,0.33555624,0.28013533,-0.70683557,0.37561193,-0.22239701,-0.34088114,-2.0565717,0.19310084,0.08449555,1.0363338,0.049869355,-0.80241257,0.8465875,0.7071586,0.9440827,-1.3225665,0.042598065,-1.3853171,0.28422016,-0.3442685,-2.1949425,1.2692001,0.28214574,-0.82451576,1.4184492,0.4387478,-0.7209131,-1.875808,0.2963831,-0.27747387,0.846859,0.5819415,-2.3266633,1.3857718,-0.5757978,1.1718765,1.2089249,0.4328419,-0.014405351,0.25134423,0.92934424,1.7233682,1.5520684,-1.1350535,2.7596467,0.15652202,-0.8470506,1.4376693,-1.3277285,-1.1211864,-0.3010061,-0.31250778,0.0520304,-0.65241534,0.8836924,-0.24033697,0.90295476,1.2245989,-0.6411832,-0.9483656,-0.6646295,-1.002467,0.12611368,0.46029148,-0.6774942,1.1602856,1.7168505,-0.51033723,-0.020618074,0.8879027,0.08180271,-0.7700534,0.07462938,-0.99987185,0.332488,2.3028154,-0.9273548,-0.7608431,0.073435254,1.1871492,0.09300508,-0.07197798,-1.1972224,-1.0961243,-2.4354682,-0.02638545,-1.9399885,-1.6258998,-0.878646,-0.76921237,-0.57299733,1.3645877,0.41147885,0.32381767,-0.28016043,0.56986624,-1.8676934,0.67339325,0.01271991,-0.221958,-0.33222753,-0.12276472,-1.6149623,0.78400487,-0.7250808,-1.1450068,0.65460455,-0.2481311,0.71579,-0.13261692,-2.0054162,-1.1208383,0.7964442,0.3501369,0.19042048,-0.34476975,-0.15022981,0.019979743,0.26790303,1.302037,0.25991774,0.4168573,-0.05198935,-0.9199,1.6096894,0.021647701,0.4434046,0.4741727,-0.3511747,1.4514749,0.763843,0.2912981,1.068072,-0.5356313,-0.5437215,0.09185317,-0.53857285,1.7964648,0.08990966,0.65641457,0.73747724,-0.21562295,1.7149003,0.8786329,0.4789301,0.65899044,-1.7235876,1.0240031,-0.6686953,0.68894416,1.2283461,0.3739325,-0.83969384,-0.06663022
-1.0703968,-0.06510733,-0.5429444,1.1483285,-0.6853634,-0.11730037,1.8497269,1.6191319,-1.0128314,-0.39450943,-0.09549351,0.4014528,0.109795175,1.0676571,-0.39524177,1.9430668,-0.1923734,2.1870363,1.8117303,-0.8034387,0.779433,-0.47491857,2.342629,1.5910345,1.2975323,-1.0968207,-0.4633304,-0.29566053,-0.77458906,-0.8388461,0.05281481,-0.23186812,-0.5215111,1.2891597,-0.40688726,-0.171404,-0.18144952,0.553109,0.6660507,-1.9963136,0.49067214,0.39661992,-0.6155964,-1.3656273,1.4515388,-0.17942843,1.1519353,-0.78067297,-0.050065517,0.93267983,0.2769766,-0.9233303,-0.15214516,-0.11834261,0.96291643,0.6559089,1.6409843,-0.33216387,1.01004,1.9127102,-1.4431419,1.9325935,-0.5237894,1.9447811,0.2389899,-0.38432476,1.5801517,0.127603,0.040726293,-0.27037573,0.663928,-0.14705706,-1.7548316,-1.0844349,-1.3713506,-2.4125257,-1.7021021,-0.48219836,-0.15571941,1.5610133,1.2383785,-0.62696385,0.72425294,1.0420578,-0.25269595,-0.60073024,-0.42719042,-0.68616897,-1.1793122,-2.4422896,0.14000595,-0.9353858,0.0060424097,-0.30036998,-0.06125008,0.9392166,0.5149485,-0.22277139,1.0106968,0.15310997,-0.22279353,0.5379849,-1.0137993,2.2356596,-0.22996654,0.26530957,-1.0737886,0.5105631,-0.47215274,0.82057714,-0.26175013,0.9501796,-0.1829392,-1.0713413,-1.3037338,0.21214801,0.9197703,1.5806692,0.9204431,0.40061575,-1.003672,2.0699084,1.7081693,0.11206618,-1.2130071,-0.7233803,0.7050476,0.42286843,0.06393191,-0.51414436,-0.15362,0.3466116,-2.02055,0.646706,1.77587,1.0992767,1.0209023,-0.5318729,2.0443017,0.26686674,1.8889248,1.21965,1.2573795,1.5239419,1.362196,-1.7195649,0.59631526,-0.73269737,-0.19832693,0.93256605,1.0405872,0.08665559,0.007587872,-0.2158012,-0.696318,-0.5236151,1.1182586,-0.44844776,0.5314169,1.5830708,-0.2610013,0.99302834,0.22079863,1.5733677,-0.65397257,0.83529264,-1.259742,-0.9667257,-0.0042537632,1.1752485,0.22360621,0.5064903
-1.5660349,-0.5422972,0.5156701,0.45689487,0.033451233,-0.028448028,-0.7579952,1.5534253,0.7902999,-1.4162978,-0.53048384,1.3574384,-0.07393186,1.5860289,1.3429644,-1.6870309,-0.6271561,1.1192697,0.31148678,1.0733982,-0.39807355,1.5441978,-0.64905053,0.35796475,0.7910964,-0.59747124,1.3458579,-0.8653591,0.011723927,-0.053265598,0.3741018,-0.14063655,0.2330179,-1.1836839,1.7866781,0.57759434,1.368861,0.2744451,0.25667652,0.008331766,-0.027345382,-0.36195603,1.285111,1.6438991,-0.9147788,0.31637332,0.54933333,0.7762468,1.368754,0.33936098,-2.237543,1.4070401,1.291524,-0.52539665,0.63749945,0.24953869,-0.619581,-0.3002116,1.0822505,1.0789144,-0.6429844,-0.39054266,-1.1181467,1.2203726,-0.53496754,1.0601344,-0.19081005,1.985897,1.3896686,1.3415636,0.1235567,0.75812715,1.9489086,-0.52188873,0.26433256,-0.0690892,0.4215261,-1.1170038,1.115277,0.7174697,0.49327478,-0.30167696,-0.58305156,1.7815866,0.9300771,1.5954505,-0.57496226,-1.1464348,-0.32866743,0.59232336,0.40810657,1.2660027,1.7153767,-0.7011045,-0.50958055,2.2627823,-1.0724014,0.6074699,-0.58660537,-0.15293813,-1.0127933,0.96660936,-0.4147675,1.0287455,-0.29515648,0.020612314,1.8468674,1.3436915,0.2521955,-0.24865325,1.7255317,-1.1919308,-1.5572122,-0.38058582,0.96424836,-1.258615,-1.6599606,-0.7503087,-0.7656329,-0.27759174,-2.3348994,-2.3999257,-0.81195706,-1.1454103,-2.7974396,-0.52649194,-1.4167762,-0.40160307,-0.7004326,-2.2139819,-0.49746814,0.86500645,1.7732928,-1.3111235,0.07834316,2.5310626,1.1209334,0.9186218,-1.4497993,-1.2651483,-0.6297718,0.03814234,0.07267137,-1.5128719,-1.14653,0.8076981,0.9812986,1.2085462,0.22483803,-0.08011943,0.008358316,0.1407309,-1.6403879,1.3199897,0.2640066,-0.18266022,0.74827546,1.2054901,1.2469692,-1.6026424,-1.3410959,0.37080997,-0.053208236,0.20427078,0.3015575,-1.149051,0.031698506,-0.40580487,-1.2786912,-0.5926421,0.3436703,0.51301384
2.3176455,0.096042275,-1.1010013,-0.6540227,0.07651171,-1.0495096,0.49429494,-1.5608873,-0.045947608,2.6113925,-0.91921514,-0.5342044,-0.25900602,-0.6381157,-0.27535275,0.907446,-0.04513982,1.553629,0.5032606,1.4956218,1.1142354,-0.41574112,-1.8206244,-0.86652124,1.2174616,-1.1817534,0.5147399,1.1866077,0.36868644,0.42690426,-1.1037585,-1.7882315,-0.9692091,-0.414776,0.82087016,-1.2981483,-0.05056041,0.13234788,-1.0012934,-0.5099587,0.8916065,-1.5036118,0.77522856,-2.0386982,1.4507339,-1.1183803,0.6654492,0.4015834,-0.78844744,1.2088263,-3.0101247,-1.1030446,-1.0417843,1.0229493,0.17516604,0.16572441,1.4548513,-1.7796677,-0.24950026,-2.01193,-0.20373808,0.28114837,-0.2365793,-0.06819622,-0.010687128,0.04914804,-0.6019933,1.2763941,-0.36393517,0.21495374,-0.5671154,0.35625523,1.5390375,1.5294982,-0.43195948,-0.042256523,0.94018614,-0.8004431,1.8483125,-0.88331735,-0.58293235,-1.8338275,-0.93899447,1.3964919,-0.730461,0.7763745,-0.50721115,-3.1100006,-1.7788769,-1.1410651,-0.24094236,2.1121516,-0.09382786,1.7013505,1.0379581,0.63552415,1.0761807,0.73023814,-0.43713194,-0.40533128,1.1264982,-0.8745931,0.28147495,0.61330134,-1.3682253,-0.821218,1.2207241,0.175338,0.85280883,-0.9578433,1.0363952,0.51072484,0.017022455,0.40316948,-1.0944163,1.3033302,-0.9837508,-0.28883064,0.31582016,0.15599844,1.8284435,0.9708898,0.99562144,1.0507691,0.77776253,-0.5461728,0.076662235,0.91658753,0.44308364,0.70937663,-0.6179016,-1.2012417,0.7939791,-0.49566934,0.40063834,-1.067969,0.55513775,0.56886125,-0.68956727,0.19782367,0.43084764,-0.4759499,0.4764,1.0121592,-0.9314828,-2.2471044,0.390528,1.2299693,-0.57082176,1.4215807,-0.30592492,0.95409584,0.45313573,1.4145393,0.14283709,-1.6010822,1.753057,-0.589421,-0.6393227,0.06406869,1.6522232,-0.5727358,-0.13264032,-1.5013881,-1.2129883,-2.9130445,-0.3551557,-0.05706549,0.54238456,-1.2240813,-1.6891041,2.0670295
