0,1
90.633,91.82
74.12621,80.91
72.30873,72.74
70.083916,69.78
72.39153,72.95
61.050068,60.97
92.90703,96.96
78.89175,76.81
68.5704,72.38
69.737175,70.52
71.46553,73.33
61.050064,61.29
90.49385,97.56
81.60298,72.03
70.4941,73.38
69.74384,70.27
67.73841,72.63
60.318096,61.2
98.66024,103.4
69.32099,71.2
77.77307,79.1
72.27775,72.6
69.287766,70.5
17.860147,17.9
100.58387,102.5
77.24501,79.1
77.09128,77.3
72.27775,73.5
69.287766,70.6
17.860147,17.9
100.31983,103.9
56.738743,57.1
74.18491,74.4
70.50724,71.3
75.70045,76.8
60.78088,61.9
100.58387,101.8
78.57501,79.1
71.216675,71.4
73.53017,73.5
69.287766,70.6
17.860147,17.9
100.84546,103.1
71.5828,71.1
71.898476,79.1
73.53017,72.7
69.287766,70.6
17.860147,17.9
95.930855,102.8
69.86544,71.8
71.20556,71.5
75.812675,81.8
99.47852,101.2
73.77885,76.9
77.85186,80.0
79.85263,81.5
73.9419,74.6
173.688,177.6
97.629524,102.1
71.02883,75.0
72.87728,75.6
70.08391,72.2
72.39153,74.7
102.308235,102.9
79.54169,82.8
73.46812,79.0
79.329,79.0
97.15244,102.8
71.30791,74.8
72.87728,76.1
70.083916,72.2
72.39153,74.7
97.99804,100.8
69.83453,71.3
71.992775,71.5
69.46238,72.3
71.7093,73.5
102.22137,103.2
73.56384,76.1
100.81348,105.4
72.44977,76.1
75.52381,76.1
70.55622,80.5
75.73031,74.9
96.38358,95.0
70.86508,74.2
72.69489,75.7
68.84228,72.1
63.87736,63.7
99.84234,101.0
54.198593,56.4
71.63913,74.8
68.87315,71.7
84.08059,75.1
62.179844,63.2
184.00418,175.4
99.93237,100.7
35.498547,34.3
73.0274,70.5
67.835175,65.6
73.29251,72.1
70.93695,70.4
63.99162,64.1
184.00418,175.9
104.9452,100.6
35.498547,35.4
70.40352,66.7
67.835175,68.0
73.29251,72.6
70.93695,71.3
67.38717,64.0
148.53137,175.7
100.4676,101.4
35.498547,35.0
70.40352,66.8
67.835175,67.2
73.29251,72.1
70.93695,70.2
63.99162,63.9
102.316124,104.4
69.26235,74.8
80.00071,83.9
69.125694,69.7
75.73031,77.2
60.652233,62.3
100.66073,102.2
71.24923,71.7
71.898476,71.6
73.53017,73.4
69.287766,70.1
17.860147,17.8
95.669075,102.8
68.89393,71.4
76.742485,80.1
68.20366,67.0
72.0617,72.6
64.42029,64.8
97.131226,101.5
75.425385,75.6
75.439156,72.8
74.578186,72.9
71.92206,74.2
62.09587,62.3
99.63538,104.1
72.18602,73.8
76.27393,76.7
71.84357,73.0
67.75684,77.3
99.91265,98.0
73.35502,71.8
71.11802,71.6
73.071266,73.7
69.287766,70.3
17.860147,17.4
99.87641,102.2
55.940235,56.2
74.18491,82.1
70.43613,72.6
74.95553,77.6
80.69408,62.9
95.930855,100.7
69.86544,69.9
71.20556,69.8
75.88034,78.8
71.58556,70.7
62.273357,67.8
98.6013,101.1
70.09641,70.2
71.20556,70.7
75.86689,79.3
71.58556,71.2
62.273357,61.3
101.13721,104.4
72.72813,73.7
74.66039,80.1
76.83997,76.8
74.86689,76.2
60.65223,61.1
101.340034,102.2
72.923775,74.2
74.66039,76.9
76.834816,78.8
74.86689,75.8
60.652233,61.9
98.59104,101.0
70.09761,69.8
71.992775,69.8
69.46238,78.4
71.7093,71.4
65.937416,68.6
102.22137,103.4
73.56384,74.1
75.52381,76.8
70.55622,70.8
75.73031,76.8
60.652233,62.0
99.05547,102.6
78.36559,81.1
73.77154,74.6
72.35424,73.2
70.589935,73.7
17.871729,18.4
101.98217,102.6
71.9407,81.1
74.21549,74.6
72.35424,73.2
70.589935,73.7
17.871729,18.4
95.1897,91.56
75.52956,77.26
68.86501,67.89
75.08072,79.61
71.213615,71.89
65.924416,61.45
101.679695,103.08
73.06678,74.04
75.14347,76.91
69.14853,70.44
66.05621,66.47
101.61286,104.7
72.34566,74.5
74.28576,74.97
75.71379,77.64
65.198494,64.29
101.95272,103.08
72.559685,74.04
75.14347,76.92
69.14853,70.44
66.05621,66.47
99.66636,103.2
73.05208,73.8
74.66039,74.7
76.86248,79.5
74.86689,75.4
99.30745,100.1
52.983334,53.4
77.21527,78.0
67.70164,67.6
73.945335,77.1
98.79635,101.0
68.94188,67.6
76.43964,74.7
67.98301,66.4
72.37277,71.9
98.332825,95.5
71.644455,71.9
72.12153,74.0
78.50767,78.4
74.522575,73.4
97.4282,98.8
70.74032,72.3
72.87728,72.3
70.083916,79.2
72.39153,71.3
95.1897,91.54
75.52956,77.18
68.86501,67.92
75.08071,79.61
71.213615,71.83
65.924416,61.56
101.679695,102.64
73.06678,74.26
75.14347,76.83
69.14853,70.46
66.05621,66.41
101.61286,104.47
72.34566,74.46
74.28576,74.96
75.71378,77.64
65.198494,64.27
101.95272,102.62
71.15934,73.52
80.071526,85.26
67.7482,69.07
66.05621,66.03
102.0518,103.72
71.98804,73.52
80.05433,83.8
69.125694,71.08
75.73031,76.83
60.652233,61.92
98.840416,100.23
70.407875,69.83
71.992775,70.7
69.46238,70.46
72.37278,72.04
62.273357,61.15
95.669075,103.0
70.37329,70.4
71.84448,71.2
69.68304,66.4
72.0617,72.0
65.60321,65.4
97.6475,97.6
53.72983,53.5
76.23432,80.6
67.94848,68.8
72.26216,72.3
60.412388,61.1
99.727234,100.4
77.99673,76.3
72.74608,74.3
69.35001,67.3
73.528694,77.3
61.08747,61.4
98.4759,99.9
71.15515,78.8
71.84448,70.4
69.59385,67.0
70.36277,73.0
58.117947,61.2
103.3959,102.9
70.77253,73.1
74.22665,74.4
76.8669,78.9
74.86689,75.2
60.65223,60.7
100.22294,100.5
70.74038,70.9
72.26947,71.8
76.7238,76.9
71.99235,75.4
65.46487,60.9
102.41469,99.5
68.809135,73.3
72.74608,70.6
69.35001,76.9
73.528694,75.4
61.08747,60.9
101.42216,100.3
70.16865,70.2
78.13291,71.7
67.950584,76.9
73.528694,74.0
61.08747,67.0
100.51638,101.7
69.7705,69.1
78.880806,80.7
67.950584,65.0
73.528694,74.4
61.08747,60.9
184.00418,176.8
110.21897,105.7
35.498547,41.9
74.94581,74.6
67.835175,83.5
73.29251,62.7
70.93695,76.0
63.99162,61.7
99.99139,99.8
55.81326,55.9
70.54551,75.8
76.48756,76.7
71.45224,74.3
97.1777,97.8
54.456158,54.5
71.35544,71.6
70.279625,70.5
72.26217,72.5
60.412388,60.9
95.930855,95.1
69.86544,71.3
71.20556,73.8
75.812675,81.0
100.62844,102.4
69.516396,70.7
79.74873,82.4
73.32772,73.3
74.68886,75.0
104.46359,106.3
75.01389,76.0
75.59434,77.3
81.372536,84.0
77.52025,78.8
175.44305,178.1
104.43445,105.3
74.27865,75.9
76.27393,78.5
74.292366,74.7
78.19984,78.8
175.44305,178.6
99.280525,104.3
68.963486,71.8
73.41776,73.1
76.42459,78.2
73.83429,76.2
61.6545,61.1
98.414215,100.7
71.0913,72.4
72.089096,72.1
76.25979,80.2
70.9395,70.5
65.55438,68.2
101.044106,103.5
72.72105,73.8
75.52381,75.2
70.55622,79.6
75.73031,75.7
60.652233,61.8
100.897934,101.9
80.33453,80.7
73.77706,75.8
76.87502,79.3
74.86689,75.5
60.652225,61.1
93.47466,103.7
72.98048,74.9
75.52381,76.8
70.55622,70.9
75.10749,77.1
54.831097,62.1
101.52752,103.8
71.5333,71.8
74.84676,73.6
69.87028,69.5
74.69201,76.2
61.6545,61.8
99.05547,94.28
78.34046,81.9
73.77154,72.94
72.35424,73.41
70.589935,73.05
17.871729,17.56
101.845024,105.06
70.97466,71.89
73.416145,73.75
72.29662,72.14
69.93494,72.0
17.157076,16.19
95.81325,98.76
70.97242,71.25
72.87728,74.6
70.083916,70.79
71.727684,72.47
65.564964,66.74
98.50109,98.76
71.85378,71.25
72.87728,74.6
70.083916,70.79
72.39153,72.47
61.050064,66.74
95.244705,92.69
77.28678,72.31
71.52056,72.31
76.295906,77.28
71.60334,71.26
61.050068,61.06
99.33491,100.22
69.79518,69.22
70.625854,70.66
73.464935,72.6
68.24842,67.72
17.241766,16.08
101.232994,101.28
71.33093,77.32
74.84676,74.51
69.87028,70.01
74.69201,76.03
61.6545,61.85
99.61033,99.2
67.98615,68.9
71.08417,69.4
79.586754,80.0
73.9419,71.6
173.688,178.6
96.92324,100.3
52.78372,53.9
76.333336,80.9
68.800255,69.4
72.26216,71.9
60.412388,61.3
101.50222,104.7
71.84843,71.3
73.98907,74.0
76.78542,77.6
73.83429,75.6
61.6545,62.4
107.31599,108.3
76.024994,81.5
75.54871,72.9
79.618645,84.2
64.0371,63.8
92.9387,91.6
54.45778,55.6
69.599915,70.6
70.94904,70.6
73.05157,73.2
67.04237,70.9
97.50353,100.1
56.532444,56.9
70.19199,73.0
68.85897,75.0
83.775276,75.0
62.3091,63.2
35.498547,34.8
73.0274,70.6
67.835175,66.0
73.29251,72.2
70.93695,70.6
63.99162,64.2
35.498547,35.8
70.40352,66.7
67.835175,67.9
73.29251,73.0
70.93695,70.9
67.38717,64.4
35.498547,35.5
70.40352,66.6
67.835175,67.3
73.29251,72.2
70.93695,70.2
63.99162,63.9
101.88238,103.7
77.10935,81.4
75.090065,77.7
70.55622,71.1
75.73031,77.0
60.652233,62.3
99.68621,101.3
69.83186,69.9
70.625854,71.1
73.464935,73.3
68.24842,68.2
17.241766,16.4
98.66564,104.6
54.96552,58.3
78.66501,84.1
69.09899,71.2
75.70045,78.6
60.78088,63.6
100.76969,103.8
70.00716,73.2
77.77307,79.8
72.27775,74.3
69.287766,71.6
17.860147,19.1
100.58388,103.2
77.32258,77.1
76.487206,76.4
72.27775,73.2
69.287766,71.7
17.860147,19.3
100.84546,103.6
71.5828,81.1
71.898476,72.6
73.53017,75.1
69.287766,71.9
17.860147,19.1
97.9366,97.3
71.27192,73.8
72.87728,75.7
70.083916,72.3
72.39153,74.4
61.050064,63.3
95.883415,96.8
67.83881,68.3
76.61317,78.8
68.268295,72.8
66.45545,67.9
15.943322,16.1
100.339874,102.6
70.22615,67.6
76.36711,74.2
78.52502,79.5
68.48586,69.6
17.860147,18.0
97.9366,95.7
71.27192,72.6
72.87728,74.0
70.083916,71.0
72.39153,72.7
61.050064,61.9
102.58178,101.5
71.49181,68.3
74.21549,79.1
72.35424,71.6
70.589935,73.4
17.871729,18.3
95.32082,92.77
74.86912,74.66
76.31289,72.67
67.98301,65.76
72.37278,70.78
62.273357,62.0
98.15418,101.28
64.785225,68.92
69.32223,70.47
73.464935,72.59
68.24842,67.93
17.241766,16.05
98.210014,94.5
70.33856,69.07
71.992775,70.28
69.37463,70.32
71.84853,71.72
63.8217,62.15
99.66636,104.5
73.05208,75.1
74.66039,77.9
76.834816,80.8
74.86689,76.6
60.65223,62.8
98.59104,101.8
68.618256,70.1
76.37986,80.7
74.38752,78.2
71.58556,73.0
62.273357,62.6
101.4094,106.2
71.83326,72.3
74.84676,84.3
69.87028,75.3
74.69201,76.8
61.6545,63.0
101.13721,104.1
72.72813,75.5
75.52381,76.1
70.55622,79.0
75.73031,77.1
60.652233,62.4
100.211266,101.0
54.198593,56.5
71.86416,75.1
70.30819,71.1
74.90824,75.8
65.20814,70.1
99.77414,102.5
57.09535,56.6
74.18491,75.0
70.50724,71.6
74.90824,75.5
63.61462,63.2
184.00418,175.7
99.93237,100.9
35.498547,34.3
73.0274,69.5
67.835175,65.5
73.29251,72.6
70.93695,70.8
63.99162,64.4
184.00418,176.7
104.9452,100.4
35.498547,35.5
70.40352,67.0
67.835175,67.3
73.29251,73.6
70.93695,70.9
63.99162,64.5
99.61033,101.8
67.98615,69.5
71.08417,69.7
79.87368,79.5
73.9419,71.3
173.688,173.6
97.1586,100.0
48.6703,49.6
74.86512,78.5
67.26225,69.3
72.64235,71.7
61.942074,61.6
100.436356,103.5
78.074684,78.3
72.20188,75.0
71.35973,71.3
76.57467,75.2
170.75018,173.4
99.91502,102.9
56.70181,55.7
74.18491,83.7
70.50724,71.9
75.70045,76.7
60.78088,61.9
101.88238,104.4
77.371086,81.3
75.090065,75.7
70.55622,71.0
75.73031,77.0
60.652233,62.2
101.69222,103.5
70.822174,72.2
73.416145,74.2
72.29663,72.7
69.93494,72.1
17.157076,16.6
83.973015,92.04
70.26041,79.51
71.33724,72.79
70.083916,69.48
70.745834,72.96
61.050064,60.78
92.90703,97.17
78.89175,78.67
68.5704,72.68
69.73717,70.55
71.46553,73.36
61.050068,61.24
90.358925,96.78
84.31311,77.66
70.32885,71.82
69.74384,70.36
67.73841,72.59
60.3181,61.05
90.879814,98.28
67.42422,72.08
85.33672,73.53
65.01136,70.13
69.398506,72.62
60.78346,61.0
97.97845,100.4
77.404495,81.1
71.216675,70.7
73.53017,73.0
69.28776,70.1
17.860147,17.4
100.84546,103.2
70.33037,70.7
77.77307,79.0
72.27775,72.4
69.287766,70.1
17.860147,17.7
100.58387,100.4
77.05508,76.5
76.684044,79.9
72.27775,71.9
69.287766,70.1
17.860147,17.4
100.40464,98.0
69.525154,68.5
71.08417,70.7
81.14985,78.6
73.9419,71.2
173.68799,173.2
102.274506,102.3
70.00419,67.4
77.228,75.5
72.27775,70.8
69.287766,70.1
17.860147,17.7
96.90443,94.8
54.72241,54.0
71.35544,80.2
70.279625,69.0
72.26216,72.7
60.412388,61.1
101.17068,105.5
73.17109,74.4
75.52381,76.6
70.55622,71.0
75.73031,76.9
60.652233,62.2
97.97845,100.1
77.32691,79.4
71.216675,71.0
73.53017,73.4
69.287766,69.6
17.860147,17.5
100.31983,103.4
55.330486,56.6
78.78931,79.9
69.09899,69.6
75.70045,76.68
60.78088,61.8
99.16627,98.9
48.55128,49.1
76.03693,77.4
69.963585,72.18
66.286674,67.68
15.567074,16.2
98.200905,101.4
71.32668,72.38
72.87728,73.8
70.083916,70.8
72.39153,72.1
61.050064,67.68
99.61033,102.0
67.98615,69.6
71.08417,69.6
79.633354,80.2
73.941895,71.8
173.68799,173.5
98.14262,101.6
70.89422,72.9
72.87728,74.0
70.083916,70.1
71.72768,72.2
66.85681,69.5
104.28325,104.1
72.30465,73.7
79.10798,78.4
63.456837,57.9
68.969444,72.2
17.479132,17.7
97.80619,98.2
54.880733,53.3
71.35544,81.6
70.279625,70.9
72.47517,71.6
66.92491,65.1
94.49858,95.61
48.639904,47.99
75.11729,76.5
67.26225,68.36
72.64235,71.77
61.942074,60.82
101.49178,104.59
71.85656,70.4
74.84676,72.3
69.87028,68.36
74.69201,74.86
61.6545,60.73
98.12275,100.3
75.11262,81.5
72.30873,73.5
70.083916,71.0
72.39153,72.7
61.050064,62.0
101.4895,105.6
72.08492,72.4
74.84676,74.1
69.87028,70.0
74.69201,76.3
61.6545,62.2
92.9387,91.3
54.45778,55.0
69.599915,70.1
70.94904,69.8
73.05157,73.0
67.04237,68.3
97.86349,101.4
56.532444,55.4
70.26084,74.5
73.58491,74.6
74.34489,74.6
63.57546,63.6
35.498547,34.7
73.0274,73.5
69.21295,67.4
73.29251,73.3
69.413666,69.8
63.99162,64.3
35.498547,34.8
65.557915,65.6
67.835175,67.4
73.29251,72.4
70.93695,71.8
63.99162,63.6
35.498547,34.7
73.73753,68.2
69.21295,69.7
73.29251,74.2
69.413666,71.1
64.55481,63.1
91.25114,91.5
54.3923,54.0
69.44742,71.2
87.3388,75.2
67.01461,72.3
88.50959,95.1
48.863125,54.6
67.97633,69.9
70.4602,69.9
68.196465,72.9
62.20129,60.4
35.498547,36.7
70.40352,66.2
67.835175,67.7
73.29251,75.6
70.93695,72.8
60.291027,68.1
87.173134,100.8
86.483665,70.2
82.807106,79.1
68.89405,71.1
65.74515,69.2
100.531395,102.6
70.491516,70.4
77.77307,78.8
72.27775,71.7
69.287766,69.6
101.26568,102.7
71.74395,70.6
71.898476,70.5
73.53017,72.4
69.287766,69.5
94.77972,91.7
52.90607,54.7
75.5573,76.6
75.877144,72.9
71.45224,72.4
60.412388,61.4
100.18342,104.3
55.119442,56.0
78.98037,83.8
69.09899,69.8
75.70045,75.7
102.30425,104.7
70.670395,71.0
79.80691,83.7
68.48986,69.2
74.69201,76.3
102.039116,104.9
73.41536,74.4
74.66039,77.0
76.79929,77.2
74.9918,74.4
70.640465,65.7
98.35192,100.3
71.114426,72.5
72.87728,74.0
70.083916,70.7
72.39153,73.8
61.050064,61.5
95.32082,92.87
76.34847,78.43
71.382744,69.19
69.46238,70.38
72.37278,71.01
62.273357,62.0
99.45781,101.98
69.86333,69.34
70.625854,70.52
73.464935,72.7
68.24842,68.01
17.241766,16.12
102.316124,103.6
70.69288,74.6
75.52381,77.0
70.55622,70.9
75.73031,77.1
60.65223,62.0
99.91249,98.1
70.13661,71.3
75.74653,80.7
58.34006,53.1
65.72823,71.9
18.116163,18.0
99.95752,103.3
71.77465,68.2
68.942406,75.8
59.177498,52.3
64.024284,69.5
17.808966,18.0
92.83463,94.8
50.700836,55.6
76.27616,76.6
72.1161,73.4
72.171104,73.6
60.412388,61.7
100.18342,101.8
55.11944,56.0
78.98037,84.2
69.09899,69.9
75.70045,75.7
60.78088,61.5
102.30425,104.5
70.670395,71.1
79.80691,83.5
68.48985,69.2
74.69201,77.0
61.6545,62.1
102.039116,104.8
73.41536,74.4
74.66039,76.3
76.79929,78.0
74.86689,74.0
60.652233,66.0
98.35193,100.5
71.114426,72.9
72.87728,74.1
70.083916,70.9
72.39153,74.0
61.050064,62.0
102.629,102.0
66.55002,52.6
75.06893,80.0
69.68957,75.2
74.3908,74.5
61.33872,60.8
98.14422,105.4
57.768536,71.1
77.29437,72.9
75.12304,69.1
73.83429,75.4
61.6545,61.7
101.64202,103.4
70.17884,71.1
79.5342,80.6
68.48985,68.9
74.69201,75.2
61.6545,61.4
100.82209,102.4
71.35613,70.7
71.898476,70.7
73.53017,80.9
69.287766,67.9
17.860147,17.5
99.85183,99.3
71.65925,74.8
73.98907,75.7
76.340004,79.2
100.70942,102.4
69.57583,70.7
79.74873,82.4
73.32773,73.3
74.68886,75.0
104.4636,106.3
75.01389,76.0
75.59434,77.3
79.14628,84.0
77.52025,78.8
175.44305,178.1
100.407425,105.3
72.508965,75.9
75.52381,78.5
70.55622,74.7
75.73031,78.8
60.652233,65.0
95.81325,102.0
70.97242,72.3
72.87728,74.0
70.083916,70.4
71.727684,72.0
66.073944,69.2
107.75164,107.0
83.819786,87.68
76.845695,76.3
80.25996,83.18
73.05809,71.6
64.35818,63.7
98.18078,99.0
53.7709,54.1
76.17206,77.1
68.800255,70.4
71.59832,71.1
65.12694,67.0
98.51641,98.0
49.83102,49.0
70.919,77.8
71.323326,72.0
66.286674,69.58
15.567074,16.3
97.919395,98.1
71.86902,72.3
72.87727,73.5
70.083916,70.4
72.39153,72.7
61.050064,61.4
92.9387,91.9
54.45778,55.8
69.599915,71.0
70.94904,71.0
73.05157,73.6
66.80532,71.0
101.76255,101.0
73.500496,56.9
75.35517,71.5
73.747795,73.8
74.810585,75.6
63.156452,63.9
35.498547,35.0
70.37959,69.5
71.19606,70.2
73.29251,73.8
70.93695,70.8
63.99162,64.6
52.34107,35.0
64.50211,66.5
67.63002,68.4
77.39697,74.0
70.93695,70.5
63.99162,64.7
98.1966,100.5
70.36103,72.9
71.20556,72.0
75.86689,76.8
70.40433,69.6
62.47385,68.3
101.13721,103.6
71.297585,74.5
79.827385,81.0
69.125694,71.1
75.73031,76.9
60.652233,61.9
102.501335,103.3
71.4944,73.1
77.3033,73.0
74.292366,73.3
78.19984,74.0
91.99404,100.7
72.61188,71.6
76.659615,67.2
86.263054,108.3
92.06079,149.2
181.6983,171.2
102.7621,103.6
76.34004,79.4
73.548256,72.8
69.80477,69.6
74.6574,76.2
63.955227,62.2
101.78772,104.8
70.90771,72.2
73.416145,74.1
72.29662,72.6
69.93493,72.0
17.157076,16.6
99.85183,103.8
71.65925,71.9
73.98907,73.5
76.42459,69.4
73.83429,76.1
61.6545,61.7
98.414215,101.4
71.0913,72.2
72.089096,72.0
76.25979,80.2
70.9395,70.2
65.265274,67.9
101.044106,103.4
72.72105,73.8
75.52381,75.1
70.55622,79.7
75.73031,75.6
60.652233,61.1
99.848465,101.1
56.85185,55.9
73.33112,73.1
77.02433,79.8
74.846664,75.6
60.78088,61.1
101.6484,103.8
71.574425,71.9
74.84676,73.5
69.87028,69.4
74.69201,76.1
61.6545,61.7
94.77972,97.3
54.385433,54.1
70.54551,70.2
76.48658,79.5
71.45224,71.4
101.15467,103.1
72.75438,73.8
74.66039,74.7
76.86248,79.4
74.86689,75.3
99.30744,100.0
52.983337,53.5
77.20272,79.1
67.70164,67.4
73.945335,77.0
98.518196,101.4
69.89671,72.7
76.999435,79.8
68.604546,70.8
72.39153,72.9
97.987465,99.7
71.37139,71.1
72.83619,74.2
73.7387,77.2
75.237236,73.6
99.85183,97.3
71.65925,73.3
73.98906,75.3
76.464806,78.6
61.6545,62.0
101.432076,104.5
72.93086,75.4
74.66039,82.3
76.83997,75.8
74.86689,76.2
60.652233,60.6
101.340034,102.8
72.923775,74.5
75.52381,76.4
70.55622,70.9
75.73031,77.7
60.652233,62.2
96.661766,102.2
76.22349,76.7
73.50158,75.4
57.71713,52.4
64.024284,69.0
17.808966,18.0
101.13123,106.0
72.02228,73.9
74.0586,76.5
68.74918,70.1
65.690445,66.0
101.53573,98.2
71.75706,71.8
74.61654,81.4
70.66639,72.3
69.37368,72.8
18.116161,17.6
92.30956,96.49
71.656296,56.95
78.98037,78.76
69.09899,69.67
75.70045,76.46
60.78088,62.14
83.78837,100.28
68.89174,69.09
69.876434,70.48
71.35588,72.76
61.769444,67.29
19.299173,16.12
94.1661,101.11
71.34293,77.44
74.84676,74.51
69.87028,70.03
74.69201,75.68
61.6545,61.76
99.66636,96.43
73.05208,74.77
74.66039,75.6
76.87502,79.6
60.652225,61.5
101.52752,103.62
70.1529,71.3
79.84995,82.9
68.48985,69.2
74.69201,76.2
61.6545,62.65
100.88188,103.43
55.295925,56.9
77.75623,75.9
75.61608,73.9
74.92843,73.3
66.82441,67.3
99.93813,99.67
69.34567,68.8
68.862625,70.1
73.0195,73.3
68.24842,67.8
17.241766,16.7
101.6484,102.26
70.19401,71.74
79.84995,82.9
68.48985,69.44
74.69201,75.6
59.724342,62.65
100.88188,103.95
55.295925,57.0
77.1713,75.61
75.58044,73.3
74.846664,75.9
60.78088,60.6
104.5106,101.42
72.89345,77.7
72.588905,74.9
69.67563,70.0
73.73278,76.0
60.445217,62.65
99.47799,100.45
69.90001,69.5
70.625854,70.7
73.464935,73.3
68.24842,67.3
17.241766,16.7
99.77343,98.57
69.47118,69.1
70.17855,70.1
72.25339,73.3
69.41602,67.8
19.680656,16.7
97.728195,94.84
77.70765,81.37
72.74608,73.26
69.35001,67.77
73.528694,77.12
61.08747,61.75
99.66309,102.15
69.8981,69.63
70.625854,70.53
73.464935,72.77
68.24842,68.12
17.241766,16.13
105.57117,97.7
76.188225,74.7
73.40017,74.3
77.84063,80.5
68.22358,67.1
17.241766,17.0
99.79841,98.3
73.34989,73.1
74.22852,73.5
77.84063,80.6
68.22358,67.9
17.241766,17.0
99.85183,105.08
70.27883,70.64
79.55431,78.54
68.48985,65.82
98.895744,96.38
71.20556,69.96
75.90554,79.37
101.3475,105.08
69.97646,70.75
77.95237,78.79
68.48986,69.31
176.2854,173.98
97.246956,103.83
37.6387,36.64
70.32849,68.43
69.58917,75.99
74.10882,74.3
71.66244,69.96
65.09416,64.65
97.19938,94.8
67.146324,71.42
70.778786,71.1
71.305214,69.95
73.70342,73.68
176.30295,177.58
99.66636,102.9
73.05207,73.97
74.66039,75.14
76.87502,79.66
74.86689,75.74
60.652233,61.23
101.52752,104.04
70.15289,71.43
78.99225,81.66
73.83429,75.74
61.6545,60.93
92.14811,103.84
73.465294,56.73
74.44453,74.9
73.81066,71.56
67.75085,76.81
56.349865,62.38
98.41421,99.75
71.0913,72.79
72.87728,73.75
69.99903,69.89
70.13125,71.03
70.315575,68.61
92.55378,103.26
63.560432,73.67
70.11557,75.32
66.41267,81.4
76.9304,76.95
170.01581,175.2
98.66024,103.0
69.32099,71.0
77.77306,78.7
72.27775,72.6
69.287766,70.1
17.860147,17.5
100.58387,101.7
78.57501,79.4
71.216675,71.0
73.530174,73.1
69.28777,70.1
17.860147,17.5
100.16366,100.6
78.146355,77.2
71.216675,70.5
73.53017,73.0
69.287766,70.2
17.860147,17.5
100.40464,98.7
69.767204,68.2
77.46816,80.1
81.391914,78.0
73.9419,71.8
173.688,173.9
101.01989,105.4
71.59202,71.8
74.84676,81.2
69.87028,69.6
74.69201,76.0
61.6545,62.1
102.274506,101.5
71.256615,71.2
71.898476,71.2
73.53017,73.0
69.287766,69.9
17.860147,17.5
99.61033,100.5
68.2282,67.4
77.73854,75.4
73.32772,67.1
81.66599,71.7
169.10448,170.7
96.23735,95.5
53.029285,52.6
76.11054,77.2
68.800255,71.2
72.26216,72.4
60.412388,60.5
96.84164,98.3
50.54481,50.2
69.72091,67.2
68.71503,77.1
72.64235,71.7
61.942074,59.8
98.033745,98.98
46.400875,49.18
75.11729,77.54
67.26225,69.85
71.99529,70.25
64.2211,71.02
101.49178,105.3
70.47614,69.88
72.01739,76.52
68.48985,68.24
74.69201,75.65
61.6545,61.86
102.64967,101.31
39.676556,41.08
66.811,69.23
54.52538,52.61
73.74044,73.68
101.16612,102.0
56.901096,55.91
73.33112,73.2
77.02433,79.29
74.846664,75.67
60.78088,60.97
101.6484,103.51
70.19401,70.26
72.01739,76.38
68.48986,68.38
74.69201,76.06
61.6545,61.89
102.64967,100.71
39.676556,40.67
66.811005,69.19
54.52538,52.58
73.74044,73.78
91.43972,81.3
68.29035,72.4
76.88483,75.4
68.20366,68.5
73.329185,69.9
66.30829,66.9
97.73716,99.1
69.34327,69.9
67.48768,68.5
68.20367,65.5
72.0617,70.3
66.30829,66.1
99.06069,97.7
67.122284,70.5
76.13653,74.9
68.20366,68.1
72.0617,69.4
66.30829,66.8
97.73716,98.8
70.822624,69.8
71.05725,68.5
65.27398,65.9
71.92205,69.4
62.09587,62.1
99.66663,97.6
71.48939,69.4
71.05725,69.0
65.27398,65.7
71.92206,68.6
62.09587,62.4
99.66663,97.6
70.01004,69.4
67.48768,69.0
68.20367,65.6
72.0617,69.6
66.30829,65.5
98.725716,97.5
67.122284,70.6
75.93762,74.9
66.8029,68.0
71.661415,69.4
64.91168,66.8
97.73716,99.1
70.822624,69.7
71.05725,68.5
65.27398,65.9
71.92205,69.4
62.09587,62.0
99.66663,97.6
71.48939,69.4
71.05725,69.2
65.27398,65.7
71.92205,68.6
62.09587,62.4
97.47904,93.91
54.457497,54.94
72.4058,73.0
69.07685,67.65
73.945335,77.25
60.24394,61.54
97.33101,97.3
69.384865,71.8
76.700134,82.6
71.54106,69.0
60.31709,66.7
101.07568,105.1
72.55511,74.0
75.14347,76.3
69.14853,70.0
66.05621,65.9
98.66564,96.03
56.373775,57.36
73.33112,73.77
77.020485,80.75
74.846664,75.79
60.78088,61.35
100.284096,102.7
56.245937,56.85
74.18491,74.73
70.50724,71.02
75.70045,77.14
60.780884,61.84
98.786964,91.45
69.27723,77.18
70.23037,67.92
66.66249,79.61
62.252323,71.83
99.597725,102.64
79.29887,74.26
73.86967,76.83
77.0994,70.46
74.12535,66.41
101.95272,104.47
72.559685,74.46
74.28576,74.96
75.71379,77.64
65.198494,64.27
101.95272,102.62
71.15934,73.52
80.07151,85.26
67.7482,69.07
66.05621,66.03
102.05181,103.72
71.988045,73.52
80.31608,83.8
69.125694,71.08
75.73031,76.83
60.65223,61.92
102.16452,100.23
72.0097,69.83
74.84676,70.7
69.87028,70.46
74.69201,72.04
61.6545,61.15
101.88238,105.1
77.11896,79.6
75.090065,76.0
70.55623,71.4
75.73031,77.2
60.652233,62.4
98.54785,101.2
71.13656,71.7
71.84448,71.9
69.68304,68.2
72.70927,74.3
62.09587,62.4
102.316124,103.5
70.69289,74.2
74.66039,75.2
76.83997,80.0
73.78456,74.5
65.390656,67.3
101.340034,103.6
72.923775,73.8
74.66039,75.2
76.83997,80.6
73.78456,74.5
65.390656,67.3
101.340034,104.1
72.923775,74.2
75.52381,76.7
70.55622,70.6
74.648,75.5
65.390656,67.2
99.89236,99.5
72.04134,72.6
72.69489,74.2
69.0593,70.7
64.39481,62.4
99.89236,100.0
72.04134,72.6
72.69489,74.2
69.0593,70.6
64.394806,62.8
99.89236,100.4
72.04134,72.6
72.69489,74.3
69.0593,70.5
64.394806,62.7
98.12275,100.0
74.98383,81.7
72.30873,73.3
70.083916,70.8
72.39153,72.6
61.050068,61.9
99.33491,102.6
69.79518,69.6
70.625854,70.8
73.464935,73.0
68.24842,68.4
17.241766,16.7
102.83018,104.9
69.343956,70.4
73.98907,72.7
76.459404,77.6
73.83429,76.1
61.6545,61.1
97.27856,98.6
54.462467,54.8
71.35544,71.6
70.279625,71.0
72.26216,72.7
60.412388,60.8
99.85183,97.5
70.27883,71.5
79.583626,78.8
68.48986,66.1
74.69201,76.2
61.6545,62.1
99.139,101.4
64.3911,52.9
71.38059,68.8
68.71503,70.3
70.91565,71.1
67.21545,64.4
97.68923,93.12
68.96601,69.09
70.625854,70.3
73.464935,72.8
68.24842,67.1
17.241766,16.33
100.211266,100.9
54.198593,56.4
71.86417,75.0
70.30819,70.8
74.90824,75.8
65.20814,70.3
99.40521,102.2
57.09535,56.6
73.959885,74.9
69.07223,72.1
84.0806,75.5
62.179844,63.6
184.00417,176.0
99.93237,101.4
35.498547,34.5
73.0274,70.6
67.835175,66.0
73.29251,72.2
70.93695,70.8
63.99162,64.3
184.00418,176.5
104.94521,100.9
35.498547,35.5
70.40352,66.9
67.835175,68.0
73.29251,72.8
70.93695,71.3
67.38717,64.3
148.53137,175.7
100.4676,100.6
35.498547,35.3
70.40352,67.0
67.835175,67.5
73.29251,72.2
70.93695,70.3
63.99162,64.1
100.2515,103.5
52.945576,52.2
79.01971,82.8
70.68744,72.4
68.65683,71.9
15.884257,16.8
94.61468,102.2
59.975067,51.1
63.91436,66.9
75.07664,75.9
71.224205,67.5
174.79587,174.2
95.330986,96.8
53.837498,54.5
71.35544,71.9
70.279625,71.1
71.59832,72.3
67.376144,67.3
102.09196,99.5
73.27175,72.5
72.12153,74.4
79.40938,78.4
74.522575,72.0
177.03383,175.4
100.63021,100.2
71.43011,72.0
70.07438,80.4
63.716244,60.0
66.64292,70.7
19.43103,18.9
99.61033,101.6
68.2282,67.8
77.62783,78.0
80.651474,76.8
73.9419,72.2
173.688,175.0
94.84296,104.7
50.67101,52.1
78.143234,77.2
68.09062,65.6
69.38932,76.4
59.6664,62.7
97.59082,95.5
50.695965,50.9
68.91195,68.5
75.30627,78.0
71.83339,73.4
61.942074,61.4
97.09678,99.7
50.268764,51.6
69.72091,69.9
68.71503,78.5
72.64235,72.3
61.942074,60.9
99.34245,99.4
69.655464,67.5
69.71189,72.0
65.69064,68.5
19.361769,17.0
105.87713,107.2
81.268265,87.67
79.332115,75.98
83.62722,79.88
67.61089,67.2
108.59304,107.9
77.91558,82.13
75.39948,77.33
83.17614,84.81
62.91634,61.9
110.64924,107.9
79.341774,82.13
75.39948,77.33
83.17614,84.81
62.91634,61.9
106.45656,108.3
77.84066,81.59
75.39948,77.5
83.96067,83.12
67.61089,67.65
104.87847,107.2
108.59304,107.9
77.91558,82.13
75.39948,77.33
83.17614,84.81
62.91634,61.9
106.45656,108.3
62.91634,67.65
110.64924,107.9
75.39947,77.33
83.17614,84.81
62.91634,61.9
98.595566,102.67
51.0025,52.42
78.35738,80.63
68.37197,68.81
74.3908,75.65
61.33871,61.89
102.13469,105.13
73.434364,73.57
75.52381,84.95
70.55623,68.9
74.97924,74.65
65.134125,66.45
99.1631,98.91
70.93046,69.23
71.992775,70.4
69.46238,70.04
72.37278,71.77
62.273357,61.89
95.06312,95.8
76.815605,79.3
71.238525,71.1
69.68304,67.5
72.70927,73.5
97.65083,100.5
75.72697,78.3
76.19346,78.1
68.20366,67.1
72.70927,74.5
99.63538,102.4
72.18603,73.1
75.59434,74.8
78.167206,81.2
85.51093,77.4
99.501396,100.7
70.379074,71.4
73.1256,73.5
69.35001,67.9
73.528694,77.0
98.02543,102.2
69.86374,68.2
70.96006,75.1
69.00036,66.7
72.37277,71.4
102.316124,104.3
69.26235,74.0
80.31608,86.3
69.125694,69.7
75.73031,76.8
60.652233,62.2
102.16452,104.6
72.0097,72.6
74.84676,73.9
69.87028,69.9
74.69201,76.6
61.6545,62.2
98.66024,101.6
69.32099,71.44
77.77307,78.19
72.27775,72.47
69.287766,69.81
17.860147,17.31
100.58387,101.48
78.57501,79.72
71.216675,70.69
73.53017,73.04
17.860147,17.74
100.16366,99.77
77.005486,72.47
76.56664,73.22
17.860147,17.54
97.31764,96.47
55.00558,54.02
71.35544,79.94
70.279625,68.71
60.412388,60.95
96.430855,96.38
52.276497,53.52
69.77238,70.28
68.996895,67.43
62.469982,61.13
99.85182,104.8
70.27883,70.3
79.55431,78.5
68.48985,66.1
74.69201,75.4
61.6545,61.4
98.28571,96.2
77.0066,74.6
71.382744,69.8
69.46238,70.3
72.37278,71.6
62.273357,61.4
99.70199,100.9
78.230995,81.7
71.216675,70.8
73.530174,72.9
69.287766,69.8
17.860147,17.1
100.84546,102.4
70.33037,67.7
77.23873,72.2
72.27775,71.2
69.287766,69.6
17.860147,17.1
98.36381,97.0
68.92963,68.0
77.167076,79.6
67.98301,69.7
71.7093,69.8
66.57293,67.0
101.4094,104.8
71.83326,70.3
74.84676,78.5
69.87028,66.1
74.69201,75.4
61.6545,61.4
109.19148,108.1
77.38588,78.5
77.26165,77.5
80.25996,84.0
73.05808,71.6
64.35818,63.4
98.95684,97.22
78.33875,80.47
72.68964,71.66
76.36877,78.53
73.79877,75.95
102.35453,103.72
73.26917,74.26
75.14347,76.83
69.14853,70.46
66.056206,66.41
101.836296,104.47
72.548035,74.46
74.28576,74.96
75.71379,77.64
65.198494,64.27
101.95272,102.62
71.15935,73.52
80.07151,85.26
67.7482,69.07
66.05621,66.03
102.0518,103.72
71.988045,73.52
80.05433,83.8
69.125694,71.08
75.73031,76.83
60.652233,61.92
98.840416,100.23
70.407875,69.83
71.992775,70.7
69.46238,70.46
72.37278,72.04
62.273357,61.15
99.85183,104.8
70.27883,70.2
79.55431,78.3
68.48985,66.1
74.69201,75.3
61.6545,61.4
98.28571,96.0
77.0066,74.5
71.382744,69.8
69.46238,70.2
72.37277,71.5
62.273357,61.4
99.70199,100.9
78.230995,81.6
17.860147,17.0
100.513374,102.3
70.33037,67.7
77.03947,77.3
69.64626,71.2
68.40827,69.7
20.845987,17.0
98.36381,97.0
68.92963,67.9
77.167076,79.5
67.98301,69.6
71.7093,69.7
66.57293,66.9
101.4094,104.8
70.45285,70.2
79.55431,78.3
68.48985,66.1
74.69201,75.3
61.6545,61.4
98.895744,96.0
70.442245,74.5
71.992775,69.8
69.46238,70.2
72.37278,71.5
62.273357,61.4
108.775505,108.1
74.72525,78.4
76.845695,77.5
80.25996,84.0
73.05809,71.5
64.35818,63.3
99.85183,105.2
71.65925,70.6
73.98907,73.2
76.50374,76.8
73.83429,74.0
61.6545,61.9
100.287224,103.2
50.899662,52.2
78.38192,80.7
68.37197,68.7
74.3908,75.4
61.33872,61.4
102.32664,105.3
72.05894,70.7
74.84676,82.5
69.87028,69.3
74.69201,75.4
61.6545,61.9
95.930855,99.0
69.86544,69.3
71.992775,70.2
69.46238,70.3
71.7093,69.7
66.428894,67.8
99.55845,97.0
77.44013,74.0
71.382744,70.3
69.46238,68.8
72.37278,71.8
62.273357,62.1
98.26922,97.2
71.599724,72.2
72.87728,74.2
70.083916,70.7
72.39153,71.2
61.050068,67.0
101.12281,100.97
72.08492,75.2
74.09164,71.82
66.40558,67.66
72.142,75.81
60.32659,61.0
95.2447,97.93
75.93618,72.31
76.94791,74.1
68.604546,70.09
72.39153,71.84
61.050064,61.0
97.59148,94.24
68.34675,70.45
65.83824,68.94
70.63916,77.18
70.53824,71.82
61.52113,61.0
99.65098,101.59
70.597786,70.65
72.26947,72.4
75.88438,78.1
72.672554,75.64
61.08747,61.0
100.24602,101.39
69.294136,67.47
77.95321,75.02
67.950584,73.81
73.528694,73.29
61.08747,61.0
99.91383,94.02
78.02303,77.35
71.216675,70.45
73.53017,73.48
69.287766,69.43
17.860147,17.34
98.75443,98.68
70.68575,69.14
71.992775,69.17
69.46238,70.07
72.37278,71.91
62.273357,61.0
97.5409,96.7
71.82898,72.9
73.33027,73.3
70.12606,70.3
64.992134,65.8
92.93869,91.16
54.45778,54.45
69.599915,69.61
70.94904,70.12
73.05157,72.68
67.04237,69.2
97.86349,99.02
56.532444,55.76
70.26084,72.02
73.58491,74.52
74.34489,74.09
63.57546,62.6
35.498547,34.92
70.40352,65.99
68.16571,71.0
73.29251,71.64
70.93695,69.65
63.99162,63.07
98.66024,94.84
70.57342,71.81
71.898476,71.0
73.530174,73.19
69.28777,69.12
17.860147,17.67
92.9387,94.91
54.45778,55.84
69.599915,73.84
70.94904,70.38
73.051575,71.77
67.04238,69.77
97.50353,103.4
56.532444,56.67
70.050606,76.52
72.30859,73.52
83.64622,74.83
62.3091,63.37
184.00418,175.23
102.90269,99.9
35.498547,34.02
73.0274,70.53
67.835175,65.64
73.29251,71.64
70.93695,70.41
63.99162,63.7
184.00418,175.93
104.9452,101.1
35.498547,34.86
70.40352,66.26
67.835175,67.43
73.29251,71.7
70.93695,71.05
67.38717,63.22
148.71826,175.57
100.46759,100.2
35.498547,34.48
70.40352,66.23
67.835175,66.81
73.29252,71.84
70.93695,69.92
63.99162,63.46
98.595566,103.58
51.0025,52.43
78.38192,80.24
68.37197,69.12
74.3908,75.49
61.33872,61.68
102.32664,105.4
70.67852,71.83
79.001976,80.24
75.082825,74.83
73.83429,76.36
61.6545,61.92
100.89997,103.58
52.693653,52.43
73.33991,80.24
69.68957,69.12
74.3908,75.49
59.947742,61.68
98.71839,99.48
70.13638,69.56
71.20556,70.17
75.894875,77.8
71.58556,70.69
62.273357,61.49
99.129326,100.99
54.18212,54.14
72.4058,72.83
69.07686,68.03
73.945335,77.05
60.24394,61.07
31.826061,30.2
75.7015,72.8
74.924126,79.1
74.66008,71.5
72.00219,71.0
62.919834,64.0
101.168304,102.3
74.16459,74.8
78.69496,75.6
73.53953,69.8
70.06186,74.6
67.01041,71.6
100.52494,103.5
70.23959,70.6
78.38322,79.3
69.92217,66.6
70.41351,73.0
81.16517,70.6
97.14276,100.9
50.643166,51.4
69.72091,69.2
68.71503,69.8
72.64235,72.9
61.942074,62.1
95.50622,93.3
67.78184,68.2
76.610344,79.1
68.92382,69.3
60.10252,62.9
101.348976,105.0
72.7575,74.0
75.14347,76.3
69.14853,70.0
66.05621,65.9
97.97845,100.7
77.32146,80.7
71.21667,70.5
73.53017,72.9
69.287766,69.8
17.860147,17.3
101.69218,105.4
70.704155,71.8
79.5342,79.9
68.48985,69.3
74.69201,76.1
61.6545,62.0
100.14029,101.4
78.187195,78.9
71.216675,70.7
73.530174,72.9
69.28777,70.5
17.860147,17.5
100.16366,101.6
78.41386,78.9
71.216675,70.6
73.53017,72.8
69.287766,70.1
17.860147,17.4
100.16366,101.7
77.95069,81.1
71.216675,70.6
73.53017,72.9
69.287766,71.0
17.860147,17.4
100.48678,104.9
72.77108,74.3
76.27393,74.6
74.292366,79.7
78.19984,74.8
99.851814,97.37
71.65925,72.96
74.84676,73.78
69.87028,69.69
74.69201,75.93
61.6545,61.84
95.81325,93.03
70.97242,72.4
72.089096,72.7
76.295906,79.6
71.60334,70.92
101.232994,104.21
69.95051,71.3
79.84995,83.3
68.48985,69.52
74.69201,76.2
61.6545,62.65
100.88188,103.53
55.295925,57.03
77.75623,75.75
75.61608,73.99
74.92843,73.3
66.82441,67.43
99.93813,99.9
69.34567,68.78
68.862625,70.1
73.0195,73.25
68.24842,67.98
17.241766,16.7
101.6484,102.81
70.19401,71.7
79.84995,83.3
68.48985,69.54
74.69201,75.9
59.724342,62.65
100.88188,103.82
55.295925,57.1
77.1713,77.35
75.58044,73.3
74.846664,76.6
60.78088,61.05
104.79931,103.66
66.63633,71.7
72.90519,76.7
69.67563,69.88
73.73278,75.9
60.445217,62.65
99.77343,99.09
69.47118,69.03
70.17855,70.1
72.25339,73.25
69.41602,67.98
19.680656,16.8
95.930855,95.1
69.86544,71.3
71.20556,73.8
75.812675,81.0
99.47852,101.0
73.77885,77.6
78.59881,80.0
73.32773,81.5
104.4636,106.3
75.01389,76.0
75.59434,77.3
79.14628,84.0
77.52025,78.8
175.44305,178.1
100.407425,105.3
72.508965,75.9
75.52381,78.5
70.55623,74.7
75.73031,78.8
60.652233,65.0
96.654,96.5
49.547565,48.4
77.4114,79.7
70.18516,72.0
67.01678,67.5
16.013725,16.4
101.7631,105.7
70.54513,70.7
79.5342,81.5
68.48986,69.0
73.9356,73.4
65.567986,67.0
100.82209,102.9
70.103714,70.5
77.97369,80.6
72.27775,71.6
69.287766,70.1
17.860147,17.5
104.33251,104.8
70.50531,75.1
64.83436,56.6
69.56207,73.7
70.932396,73.7
19.337605,17.7
100.250046,99.5
70.96677,69.0
71.992775,70.2
69.46238,70.1
72.37278,72.0
62.273357,62.0
101.071266,95.0
71.39486,71.0
71.49294,71.1
75.46537,71.3
59.74146,65.1
98.66564,102.3
56.373775,55.9
73.33112,73.18
77.02433,79.8
74.846664,75.5
60.78088,61.0
101.6484,103.6
71.574425,72.1
73.98907,73.8
76.50346,77.9
73.83429,75.3
61.6545,61.6
101.64201,104.9
71.55926,72.2
74.84676,73.5
69.87028,69.4
73.9356,74.4
69.37311,70.28
108.70978,103.8
75.67263,73.9
75.594345,77.4
79.11379,77.6
77.52025,77.18
175.44305,175.6
97.48487,98.7
70.756996,72.4
72.87728,73.6
70.083916,70.2
72.39153,71.4
61.050064,68.6
97.97845,93.16
77.37907,79.86
71.21667,70.0
73.53017,73.8
69.287766,69.26
17.860147,17.61
101.4728,103.27
70.78972,71.26
73.416145,73.7
72.29663,72.14
69.93494,71.78
17.157076,16.19
97.68923,100.1
67.79625,67.9
76.81147,78.5
72.295166,72.5
68.24842,67.7
17.241766,15.8
102.48626,101.2
71.043205,69.7
71.08417,70.6
79.57438,80.2
73.9419,72.4
173.688,175.7
99.60044,102.8
54.35377,57.0
77.202255,76.9
75.58044,73.8
74.846664,76.0
60.78088,61.5
103.827446,100.8
56.09222,56.7
72.55671,80.5
70.30819,70.5
74.742226,76.4
59.84669,62.5
99.77343,98.6
69.47118,68.7
70.17855,70.0
72.25339,72.8
69.35612,67.4
17.138243,16.3
95.930855,96.01
68.38606,67.55
76.84481,74.65
67.98301,66.04
72.37277,71.51
97.28964,95.62
77.27277,80.03
71.238525,70.88
69.68304,67.88
72.70927,73.63
97.65083,101.61
77.16564,80.36
71.238525,71.2
69.68304,68.13
72.70927,74.16
97.46084,101.33
70.70071,72.75
72.12153,72.75
80.13992,80.49
74.522575,73.44
177.03383,175.6
100.972664,102.25
77.91241,79.69
71.216675,70.78
73.53017,73.08
69.287766,69.96
17.860147,17.72
100.84546,100.02
71.5828,67.45
71.898476,76.02
73.53017,71.36
69.287766,69.83
17.860147,17.49
95.930855,99.3
68.38606,68.4
77.1916,80.2
67.98301,70.1
72.37277,71.7
62.273357,62.1
100.07885,103.9
51.173668,52.5
78.38191,80.6
68.37197,69.1
74.3908,75.7
61.33872,62.1
102.32664,105.8
70.67853,70.7
79.84995,82.9
68.48985,69.5
74.69201,75.6
61.6545,62.1
100.88188,104.1
56.704174,56.7
74.18491,75.1
70.50724,70.2
75.70045,75.3
60.78088,66.4
102.83018,104.9
67.96355,70.5
79.76661,81.5
68.48985,67.6
74.69201,76.1
61.6545,62.1
102.077934,102.0
70.93372,71.8
73.416145,74.2
72.29662,72.4
69.93494,72.5
17.157076,16.6
99.456535,96.9
72.024956,73.0
74.2983,75.5
69.52413,69.3
65.65899,67.1
98.66564,95.85
56.373775,57.86
74.18491,74.81
70.50724,71.06
75.70045,76.82
60.78088,61.85
102.450645,104.1
76.120155,79.6
74.46724,74.7
69.87028,70.1
74.69201,76.2
61.6545,62.3
99.79212,101.4
69.90001,69.9
70.625854,71.1
73.464935,73.3
68.24842,68.1
17.241766,16.4
94.99465,93.4
68.84165,55.7
72.87728,71.7
70.083916,71.3
71.727684,74.2
65.76156,70.9
97.3039,100.8
56.48997,57.2
70.26084,73.3
73.58491,75.8
74.34489,75.4
63.57546,64.1
102.90269,101.2
35.498547,35.6
76.9788,71.6
71.43986,75.2
73.29251,75.5
70.93695,67.3
63.99162,44.8
100.244194,102.5
70.96969,70.9
75.36126,77.4
70.68526,67.6
70.10107,74.5
67.01041,74.5
99.66636,97.0
73.05208,74.94
74.66039,75.6
76.87502,79.6
74.86689,76.1
60.652233,61.5
101.52752,104.21
70.1529,71.3
79.84995,83.3
68.48985,69.52
74.69201,76.2
61.6545,62.65
100.88188,103.53
55.295925,57.03
77.75623,75.75
75.61608,73.99
74.92843,73.3
66.82441,67.43
99.93813,99.9
69.34567,68.78
68.862625,70.1
73.0195,73.25
68.24842,67.98
17.241766,16.7
101.6484,102.81
70.19401,71.7
79.84995,83.3
68.48985,69.54
74.69201,75.9
100.88188,103.82
55.295925,57.1
77.1713,77.35
75.58044,73.3
74.846664,76.6
60.78088,61.05
104.79931,103.66
66.63633,71.7
72.90519,76.7
69.67563,69.88
73.73278,75.9
60.445217,62.65
99.77343,99.09
69.47118,69.03
70.17855,70.1
72.25339,73.25
69.41602,67.98
19.680658,16.8
98.69131,100.1
67.190125,71.2
77.66958,83.9
68.604546,70.1
72.39153,72.6
61.050068,61.7
101.04823,104.4
70.58378,72.2
73.416145,74.1
72.29663,72.5
69.93493,72.2
17.157076,16.5
92.9387,91.1
54.457775,54.45
69.599915,69.76
70.94904,70.07
73.05157,72.69
67.04237,69.36
97.86349,99.14
56.532444,55.74
70.26084,72.08
73.58491,74.44
74.34489,74.2
63.57546,62.4
35.498547,33.77
76.9788,70.98
67.835175,65.88
73.29251,71.68
70.93695,69.77
63.99162,63.47
92.9387,91.7
54.457775,55.4
69.599915,70.4
70.94904,70.3
73.051575,73.4
67.04238,70.7
97.86349,100.2
56.532444,56.4
70.26084,72.7
73.58491,75.2
74.34489,74.6
63.57546,63.2
184.00418,175.9
102.90269,100.8
35.498547,35.2
73.0274,73.4
69.21295,70.0
73.29251,73.3
69.413666,70.2
63.99162,64.6
169.57292,176.0
104.9452,103.4
35.498547,35.1
65.557915,66.7
67.835175,67.7
73.29251,72.8
70.93695,71.8
63.99162,63.7
194.52354,176.0
99.00146,101.9
31.34177,30.0
76.0378,71.8
67.835175,63.1
73.29251,71.0
74.090706,77.3
64.55481,60.6
98.65621,98.2
55.886246,56.6
70.40558,72.9
70.13864,71.8
75.149704,76.7
60.82429,61.4
95.88342,96.59
67.83881,68.01
76.61317,78.7
68.268295,72.61
66.45545,67.62
15.943323,15.96
100.339874,102.58
70.22615,67.09
76.36711,73.64
78.52502,79.36
68.48586,69.38
17.860147,17.73
97.9366,95.06
71.27192,72.38
72.87728,73.4
70.08391,70.66
72.39153,72.38
61.050064,61.48
102.58178,101.46
71.49181,68.13
74.21549,78.8
72.35424,71.24
70.589935,73.21
17.871729,18.15
101.88238,103.4
77.16435,81.0
75.090065,76.8
70.55622,70.6
75.73031,77.3
60.652233,61.9
100.58962,102.5
71.37217,71.3
71.898476,71.3
73.53017,73.1
69.287766,69.9
17.860147,17.5
98.66564,99.5
54.96552,55.0
78.98037,84.4
69.09899,69.6
75.70045,76.0
60.78088,61.4
102.30425,104.2
70.670395,70.5
79.36848,83.0
68.48985,69.0
73.9356,76.0
65.6471,70.0
101.79754,104.5
73.86736,72.5
79.88333,81.8
74.578606,65.5
78.19984,75.4
96.288734,100.2
51.949028,50.9
69.77237,76.4
68.9969,72.4
71.61048,73.1
62.469982,61.1
103.26008,104.0
72.43715,71.7
74.84676,73.4
69.87028,69.5
74.69201,76.0
61.6545,61.8
92.83463,94.8
50.700832,55.6
75.5573,76.6
75.877144,73.4
71.45225,73.6
60.412384,61.7
100.18342,101.8
55.119442,56.0
78.98038,84.2
69.09899,69.9
75.70045,75.7
60.78088,61.5
102.30425,104.5
70.670395,71.1
79.80691,83.5
68.48985,69.2
74.69201,77.0
61.6545,62.1
102.039116,104.8
73.41536,74.4
74.66039,76.3
76.79929,78.0
74.86689,74.0
60.65223,66.0
98.35193,100.5
71.114426,72.9
72.87728,74.1
70.083916,70.9
72.39153,74.0
61.050064,62.0
100.211266,101.1
54.198593,56.4
71.86417,75.0
70.30819,71.1
74.90824,75.1
63.61462,62.4
184.00418,175.4
99.93237,100.6
35.498547,34.1
73.0274,69.2
67.835175,65.0
73.29251,72.3
70.93695,70.4
63.99162,64.2
184.00418,176.4
104.9452,100.1
35.498547,35.3
70.40352,66.7
67.835175,67.0
73.29251,73.3
70.93695,70.5
63.99162,64.2
99.85183,104.77
70.27883,70.49
79.36848,84.59
68.48985,68.69
74.69201,75.58
61.6545,61.88
101.79754,103.17
73.86736,75.36
79.09909,81.35
79.77067,80.47
77.52025,75.58
175.44305,172.07
99.57697,102.69
58.722233,56.92
74.000206,74.62
70.50724,71.21
75.70045,77.06
60.78088,62.01
99.59353,102.16
51.827137,51.86
73.33991,80.85
69.68957,68.69
74.3908,75.74
59.947742,61.92
98.66024,101.5
69.32099,70.7
77.712944,81.5
72.27775,71.9
69.287766,69.6
17.860147,17.5
102.61515,104.3
74.23736,74.5
76.27393,82.68
74.292366,71.0
78.19984,76.6
175.44305,175.2
102.316124,104.2
69.26235,74.7
79.94572,84.1
69.125694,69.6
75.73031,77.1
60.652233,62.1
99.84165,100.6
69.79325,69.6
70.625854,70.8
73.464935,73.1
68.24842,68.1
17.241764,16.4
98.66564,102.4
54.96552,55.2
78.71863,80.3
69.09899,71.8
75.70045,76.6
60.78088,61.6
98.98339,100.0
68.50117,69.1
76.41375,79.4
74.35406,76.9
71.58556,72.7
62.273357,60.5
100.07949,104.3
56.50144,56.8
74.18491,75.3
70.50724,71.35
75.70045,76.7
60.78088,62.1
98.31757,100.0
71.08007,73.2
72.87728,73.9
70.08391,70.2
71.727684,71.2
65.265274,68.8
99.84847,102.4
55.443596,55.2
78.71862,80.3
69.09899,71.8
75.70045,76.6
60.78088,61.6
98.98339,100.0
70.45222,69.1
71.992775,76.4
69.46238,76.9
72.37278,72.7
62.273357,60.5
97.97845,100.5
77.404495,80.5
71.216675,70.7
73.53017,73.2
69.287766,69.8
17.860147,17.7
100.84546,102.9
70.33037,70.8
77.77307,78.5
72.27775,72.1
69.287766,69.9
17.860147,17.6
100.58387,101.6
78.57501,78.5
71.216675,70.8
73.53017,73.2
69.287766,69.9
17.860147,17.6
100.16366,99.6
76.018456,75.5
76.74694,79.2
72.27775,72.4
69.287766,70.4
17.860147,17.5
93.586105,95.7
52.632076,50.4
69.756996,68.0
73.571396,69.7
74.454,72.1
157.88951,174.4
100.05962,103.4
56.486225,56.8
74.18491,82.4
70.50724,70.1
75.115395,76.6
61.59579,62.4
184.00415,176.0
112.97347,101.0
36.15333,34.2
69.51435,69.5
69.59981,65.2
71.03391,72.4
70.93695,70.5
63.99162,64.0
184.00418,176.8
94.30136,110.2
35.498547,35.4
70.40352,66.8
67.835175,67.2
73.29251,73.3
70.93695,70.9
63.99162,64.0
95.81325,100.38
70.97242,72.54
72.87728,74.08
70.083916,70.6
71.72768,71.46
65.90301,66.8
99.10658,99.03
70.900795,69.49
71.992775,70.48
69.46238,70.39
71.7093,69.7
65.91682,67.62
99.33925,98.72
71.84043,72.22
72.87728,73.95
70.083916,70.14
71.72768,71.75
65.55438,69.24
101.33168,103.47
72.12632,74.81
79.61129,78.36
75.409454,74.65
74.86689,76.24
60.652233,60.73
108.34297,108.52
77.0598,81.74
77.26165,78.65
80.25996,85.11
73.05809,72.22
64.35818,63.86
101.340034,102.85
72.923775,73.25
75.52381,84.44
70.55622,70.66
75.73031,76.71
60.652233,61.42
95.81325,92.99
70.97242,72.47
72.87728,73.78
70.083916,70.71
72.39153,72.37
61.050064,61.84
97.97845,101.41
66.45458,67.92
76.55692,77.2
72.27775,71.25
69.287766,69.93
17.860147,17.49
97.75378,96.47
77.06251,79.35
71.382744,69.12
69.46238,70.43
72.37278,71.37
62.273357,61.75
100.24934,104.05
55.37202,55.37
78.35559,83.16
69.09899,71.37
75.70045,76.42
60.78088,61.75
100.594826,101.41
69.5098,69.19
71.08417,69.0
79.81215,80.09
73.9419,71.25
173.688,173.11
98.44326,102.21
70.52384,71.58
71.84448,70.0
69.68304,76.18
72.70927,72.94
62.09587,61.3
97.728195,93.79
77.88639,81.86
72.74608,73.99
69.35001,68.09
73.528694,77.24
61.08747,61.95
101.483315,104.71
70.78565,71.84
73.416145,73.84
72.29662,72.12
69.934944,72.15
17.157076,16.05
98.69131,100.5
67.19012,72.0
77.7782,84.1
68.604546,69.6
72.39153,72.6
61.050064,62.0
101.362495,104.6
71.807304,72.6
74.84676,74.0
69.87028,69.9
74.69201,76.6
61.6545,62.3
95.06312,92.49
76.78698,77.84
71.238525,70.62
69.68304,67.8
72.70927,73.58
62.09587,61.62
99.41808,98.8
69.86143,68.95
70.625854,70.39
73.464935,72.77
68.24842,67.85
17.241766,16.05
99.66636,97.1
71.621544,75.0
80.34997,86.1
69.125694,69.4
100.85384,102.4
55.288837,56.6
78.97123,80.6
69.09899,69.7
101.7093,102.3
79.95756,78.7
75.090065,75.9
70.55622,70.8
98.156425,98.6
66.57917,72.8
72.30422,74.1
70.083916,70.8
101.26568,103.6
71.74394,71.4
71.898476,71.5
73.53017,73.3
69.287766,70.5
17.860147,18.0
97.97845,102.8
76.07449,79.6
77.09127,77.7
72.27775,73.7
69.287766,70.8
17.860147,17.9
100.31983,104.2
55.330486,55.8
78.35559,82.8
69.09899,71.6
75.70045,76.4
60.78088,61.5
100.594826,102.0
69.5098,69.6
71.08417,71.4
81.14985,78.3
73.9419,72.4
173.688,175.0
102.274506,102.2
71.256615,71.5
71.898476,79.5
73.53017,72.8
69.287766,70.4
17.860147,17.9
95.930855,95.1
69.86544,71.3
71.20556,73.8
75.812675,81.0
100.62844,102.4
69.516396,70.7
79.74873,82.4
73.32773,73.3
74.68886,75.0
104.46359,106.3
75.01389,76.0
75.59434,77.3
79.14628,84.0
77.52025,78.8
175.44305,178.1
100.407425,105.3
72.508965,75.9
75.52381,78.5
70.55622,74.7
75.73031,78.8
60.652233,65.0
100.0138,99.4
72.636116,76.7
75.14347,78.6
69.14853,72.1
66.05621,68.0
99.66636,103.6
71.62155,72.9
80.04519,82.9
69.125694,70.8
75.73031,76.7
60.652233,61.4
98.04995,96.4
76.30675,73.1
76.24604,80.1
68.604546,69.1
72.39153,72.3
61.050064,61.2
98.46984,95.1
69.118996,68.0
77.167076,80.1
66.759346,70.2
72.22304,71.4
62.749126,62.0
101.4094,105.4
70.45285,71.8
77.99473,81.5
75.04417,76.6
73.83429,76.1
61.6545,60.7
93.164665,105.2
71.8196,74.5
70.43456,76.7
70.08016,70.7
74.77583,76.8
60.652233,61.7
98.414215,99.9
71.0913,72.4
72.87728,72.1
69.933075,79.5
69.19825,71.1
62.38651,60.5
96.80251,103.5
62.666374,74.1
72.34725,77.4
68.7961,70.5
74.54493,76.7
60.652233,61.6
98.12275,99.9
75.05619,81.0
72.30873,73.4
70.083916,70.9
72.39153,72.6
61.050064,61.9
100.25193,103.8
71.331764,71.4
71.898476,71.3
73.53017,73.2
69.287766,70.3
17.860147,17.9
98.66024,102.9
69.32099,71.3
77.77306,77.3
72.27775,72.8
69.287766,70.7
17.860147,17.9
100.58387,101.8
77.29076,79.0
77.09127,77.3
72.27775,73.5
69.28777,70.6
17.860147,18.1
101.18323,104.6
72.04032,74.0
74.0586,77.1
68.74918,70.7
65.690445,66.7
101.26568,102.3
71.74395,79.3
71.898476,71.4
73.530174,73.7
69.28776,70.6
17.860147,17.9
99.85183,104.0
71.65925,71.4
73.98906,73.1
76.50374,76.5
73.83429,74.9
61.6545,61.4
100.287224,102.9
52.21727,53.7
72.4822,72.1
76.104866,76.1
73.53309,74.2
61.33872,61.4
101.05345,103.6
73.13288,74.8
79.0991,79.6
79.43253,74.9
77.52025,76.9
175.44305,174.6
99.76169,100.7
56.28787,55.3
74.18491,82.9
70.50724,69.3
75.70045,75.9
60.78088,61.4
100.407425,101.1
72.508965,74.2
75.52381,75.9
70.55622,69.9
75.73031,76.0
60.652225,61.4
98.59557,104.0
51.0025,52.5
78.35738,80.6
68.37197,68.7
74.39079,75.5
61.338715,62.0
101.70095,103.0
80.255104,79.9
74.22665,76.5
76.87502,79.5
74.86689,75.3
60.652233,60.9
100.93865,102.2
56.975933,56.8
74.18491,75.1
70.50724,70.9
75.70045,76.8
60.78088,61.8
101.52752,103.9
71.53332,71.3
73.98907,82.5
76.50346,76.1
73.83429,75.3
61.6545,61.6
101.64202,103.6
71.55926,72.4
74.84676,73.9
69.87028,69.7
74.69201,75.8
61.6545,61.9
95.813255,98.9
70.97242,72.4
72.87728,73.8
70.08391,70.8
71.727684,72.18
67.4641,67.7
102.34787,100.0
78.98371,79.5
71.216675,71.1
73.530174,73.4
69.287766,69.68
17.860147,17.5
100.31983,103.5
55.330486,56.6
78.78931,79.9
69.09899,69.68
74.90824,75.3
65.26023,67.4
99.16627,101.6
49.911037,49.0
70.919,77.7
71.323326,72.18
66.286674,67.7
15.567074,16.3
97.97706,99.2
71.89516,72.5
72.87728,74.3
70.083916,70.8
72.39153,73.18
61.050068,61.8
99.22215,101.2
67.6274,69.5
71.992775,70.2
69.46238,70.5
71.7093,71.1
66.428894,68.6
100.168465,100.3
70.93714,69.2
71.992775,69.2
69.46238,77.0
72.37277,64.5
62.273357,69.8
99.66636,97.0
73.05208,76.0
74.66039,82.3
76.83997,76.0
74.86689,76.3
60.652233,60.8
101.340034,103.0
72.923775,74.5
75.52381,76.5
70.55622,70.9
75.73031,77.7
60.652225,62.6
95.669075,89.9
70.37329,85.9
71.05725,77.2
76.01432,83.7
71.92206,83.1
62.09587,62.2
98.326324,98.7
71.08239,71.7
72.87728,73.3
70.083916,69.9
71.72768,68.1
65.55439,69.0
101.33167,103.1
73.55685,73.4
74.66039,75.0
76.87119,79.9
74.86689,75.1
60.652233,60.8
100.17098,101.4
54.804344,56.1
78.70844,82.3
69.09899,68.7
75.70045,76.4
60.78088,61.2
99.92776,101.8
71.69778,71.6
72.05003,71.0
77.3646,80.7
67.131905,67.9
17.808966,17.3
100.22696,101.6
54.60509,56.3
78.70844,82.3
69.09899,69.0
75.70045,76.4
60.78088,61.2
99.92776,101.8
70.23741,70.9
77.996895,81.0
69.63149,71.3
67.92004,69.7
17.808966,17.0
100.05591,102.7
55.085285,56.3
78.17419,82.3
67.70888,69.0
75.16619,76.4
60.78088,61.2
99.92776,101.0
70.23741,72.0
76.20228,75.4
69.63149,70.9
67.92004,69.6
17.808966,17.0
97.60916,102.8
37.6387,35.3
70.32849,68.3
69.58917,66.0
74.10882,74.1
69.20645,69.8
65.09417,65.0
95.48049,96.8
52.066845,54.7
69.69347,72.1
69.63025,71.0
69.47701,72.0
64.63376,70.5
98.91523,102.4
56.89297,56.6
73.959885,75.0
69.07222,72.3
84.0806,75.4
62.179844,63.7
184.00418,176.0
99.93237,101.6
35.498547,34.6
73.0274,70.7
67.835175,66.1
73.29251,72.3
70.93695,70.8
63.99162,64.4
184.00418,176.4
104.9452,100.9
35.498547,35.5
70.40352,66.9
67.835175,68.1
73.29251,72.8
70.93695,71.4
67.38717,64.4
148.53137,176.8
100.4676,100.7
35.498547,35.3
70.40352,67.0
67.835175,67.5
73.29251,72.3
70.93695,70.4
63.99162,64.1
98.595566,104.5
52.320103,54.2
72.4822,72.4
76.104866,77.4
73.53309,75.4
61.33872,61.8
101.05345,104.5
72.846634,74.7
75.59434,77.5
78.37919,77.5
77.68998,77.4
174.09534,176.4
97.48487,99.6
70.757,72.7
72.87728,73.8
70.083916,70.2
71.72768,71.8
66.099846,68.8
100.7315,102.9
51.56381,51.9
78.105835,76.5
68.37197,65.0
74.3908,76.0
61.33872,62.2
98.99268,99.4
70.46159,68.2
71.992775,80.7
69.46238,70.2
72.37277,72.1
62.273357,61.7
95.81324,96.3
70.97242,72.6
72.089096,72.4
76.39001,76.8
71.60334,72.8
61.050064,60.5
98.41884,98.7
55.515064,49.8
75.80857,72.8
69.963585,71.9
66.286674,67.8
15.567074,16.0
97.16148,98.6
53.286648,54.3
76.17206,76.6
68.800255,69.1
72.26216,73.1
60.412388,61.4
98.51641,98.4
48.57661,49.1
76.036934,77.0
69.963585,72.0
66.286674,67.6
15.567074,16.0
98.200905,101.4
71.32668,72.1
72.80683,72.8
73.39695,74.8
72.32108,72.2
61.050068,61.2
99.49944,94.37
71.23969,72.23
74.21549,73.76
72.35424,72.83
70.589935,72.83
17.871729,17.61
97.664505,90.6
68.66948,72.8
72.87728,70.0
70.083916,67.8
72.39153,70.2
61.050068,59.0
97.92793,91.9
72.334435,69.6
73.14071,71.2
70.083916,68.4
72.39153,70.6
61.050068,59.0
95.930855,93.4
68.38606,67.8
76.95071,74.7
67.98301,66.5
72.37278,71.6
62.273357,62.3
98.42301,101.4
64.258675,52.9
71.38059,68.8
68.71503,70.3
70.91565,71.1
67.21545,64.4
94.49858,91.95
50.09269,51.16
69.72091,68.4
68.71503,69.56
72.64235,71.36
61.942074,62.11
104.163994,101.3
67.96355,70.79
79.5342,80.96
68.48985,69.04
74.69201,76.16
61.6545,61.44
100.82209,103.05
70.103714,70.61
77.77307,79.12
72.27775,72.08
101.26568,103.05
70.491516,70.72
77.77307,79.25
72.27775,72.08
101.26568,102.96
70.491516,67.05
98.088066,96.94
62.09587,61.18
100.70179,101.63
69.74189,67.21
77.19928,75.08
72.27775,71.01
69.287766,69.92
17.860147,17.44
98.088066,96.94
70.9009,71.44
71.05725,69.97
76.22488,76.32
71.92206,72.28
62.095867,61.18
97.664505,91.7
68.66948,69.3
72.87728,69.7
70.083916,72.2
72.39153,70.7
61.050068,59.1
97.664505,92.0
68.66949,69.6
72.80683,71.1
73.39695,68.2
72.321075,70.5
61.050068,58.9
98.12275,98.7
75.05163,79.8
72.30873,72.9
70.083916,71.0
72.39153,72.6
61.050068,62.0
100.98407,103.2
70.62262,71.7
73.416145,74.2
72.29662,72.6
69.93493,72.3
17.157076,16.6
95.81325,93.1
70.97242,73.1
72.089096,79.6
76.25979,76.0
71.60334,72.0
61.050064,60.6
101.044106,103.0
72.72105,74.5
75.52381,76.5
70.55622,70.9
75.73031,77.7
60.652225,62.2
94.77972,91.7
52.90607,54.7
76.27616,76.6
72.1161,72.9
72.171104,72.4
60.412388,61.4
100.18342,104.3
55.11944,56.0
78.98038,83.8
69.09899,69.8
75.70045,75.7
102.30425,104.3
70.670395,56.0
79.80691,83.8
68.48985,69.8
74.69201,75.7
102.039116,104.7
73.41536,71.0
74.66039,83.7
76.79929,69.2
74.99179,76.3
98.35193,104.9
71.114426,74.4
72.87728,77.0
70.083916,77.2
72.39153,74.4
61.050068,65.7
90.633,91.52
75.05665,78.39
72.30873,72.52
70.083916,69.96
72.39153,73.0
61.050068,61.01
96.15649,95.72
69.01724,76.39
74.14072,72.18
67.82188,70.13
70.494965,73.33
60.78346,61.24
89.81794,97.05
77.45208,72.08
69.514854,73.43
67.77154,70.22
69.87581,72.65
59.775894,61.19
94.77972,98.7
54.385433,54.5
70.54551,70.0
76.51268,79.8
71.45224,71.9
60.412388,60.7
99.13381,100.0
54.197285,54.2
72.4058,73.5
69.07685,74.0
73.945335,75.9
60.24394,61.3
98.59557,101.99
51.0025,52.23
78.11836,75.78
68.37197,64.54
74.39079,76.1
61.338715,62.01
97.59948,94.42
54.817936,53.02
71.35544,81.26
70.279625,72.07
71.59832,69.59
65.34,66.77
98.07752,99.54
70.18883,69.7
68.58195,70.78
68.234764,70.48
75.34324,72.24
61.782757,62.22
100.04971,103.6
71.236374,73.3
75.59434,74.9
79.33077,81.1
77.52025,76.5
175.44305,175.5
99.501396,100.6
68.97964,68.9
78.13291,80.4
67.950584,66.1
73.528694,76.9
61.08747,61.9
100.51638,98.1
69.7705,67.8
77.09707,70.1
74.40914,76.0
72.260445,60.5
100.40505,96.4
69.901985,71.2
74.91032,71.0
72.07557,73.6
69.093956,69.2
17.860147,17.5
101.17106,103.2
78.388405,73.8
74.46724,72.3
69.87028,70.4
74.69201,76.3
59.724342,62.1
97.61641,96.4
55.085117,53.4
71.35544,81.1
70.279625,69.1
72.26216,72.0
60.412388,61.0
99.31313,95.34
77.990944,78.62
102.24885,102.22
72.29047,71.66
73.98907,74.03
76.49532,76.11
73.83429,75.62
61.6545,62.89
99.957924,101.73
77.48247,73.92
72.74608,75.62
69.35001,68.24
73.528694,77.99
61.08747,62.26
97.943634,96.66
76.48585,73.18
69.91169,68.94
73.08567,72.09
69.278015,73.22
97.94267,96.87
71.43676,72.62
72.83619,74.17
73.7387,73.25
75.23723,73.6
96.74523,98.9
47.9979,48.98
76.03693,77.5
69.96358,72.1
66.286674,67.7
15.567074,16.2
98.20091,101.4
71.32669,72.4
72.87728,73.8
70.083916,70.5
71.72768,72.0
67.4641,67.4
102.34787,100.5
77.73128,75.1
76.48721,75.6
72.27775,71.8
69.287766,70.0
17.860147,17.5
100.31983,102.78
56.738743,56.3
74.18491,80.0
70.50724,69.7
75.70045,76.8
60.78088,61.8
97.9366,96.1
71.27192,72.4
72.87728,74.2
70.083916,70.6
72.39153,72.48
61.050064,61.6
106.6166,108.8
76.830246,81.9
77.26165,77.5
80.66036,82.9
78.0064,76.8
65.16189,62.2
104.41801,106.2
82.371315,88.0
76.845695,76.0
80.25996,83.3
72.623314,70.3
64.7615,70.2
107.41357,100.0
83.62321,81.3
76.89379,73.6
79.08893,82.2
65.35707,73.2
64.94387,63.3
99.05906,98.4
71.80843,72.2
72.87728,73.9
70.083916,70.6
72.628426,73.1
59.27177,61.6
94.77972,91.3
54.385433,55.8
70.54551,72.8
76.48756,76.8
71.45224,72.8
97.1777,97.6
54.456158,54.4
71.35544,71.6
70.279625,70.5
72.26217,72.8
60.412384,60.9
101.51569,99.2
72.07116,74.4
71.54119,75.0
76.64463,71.1
59.918552,69.0
97.57295,98.6
68.563194,71.2
72.74073,73.6
77.38603,74.9
73.36701,71.7
175.11215,175.0
94.76299,94.7
54.474575,54.2
68.85369,70.2
69.36611,69.7
73.340576,70.8
65.81668,67.1
99.50642,97.9
70.95324,68.4
71.992775,69.3
69.46238,69.1
72.37278,70.4
62.273357,60.8
97.728195,102.3
77.885765,71.6
72.74608,74.2
69.35001,68.8
73.528694,77.4
61.08747,61.9
100.21082,102.6
78.52561,80.6
72.74608,73.2
69.35001,68.8
73.528694,77.4
61.08747,61.9
100.21082,102.8
78.52561,80.6
72.74608,73.2
69.35001,68.8
73.528694,77.4
61.08747,61.9
100.59037,100.4
71.41469,80.9
73.1256,73.2
69.35001,68.8
73.528694,77.4
61.08747,61.9
95.930855,93.3
75.86689,79.5
62.273357,62.0
101.1372,104.5
72.72813,75.4
74.66039,82.3
76.83997,75.8
74.86689,76.2
60.65223,60.6
101.340034,102.8
72.923775,74.5
75.52381,76.4
70.55622,70.9
75.73031,77.7
60.652233,62.2
95.669075,94.94
70.37329,71.69
71.84448,71.25
69.68304,67.94
72.70927,73.34
62.095867,61.99
105.38821,103.9
75.77038,78.1
75.54871,73.3
79.618645,85.3
64.0371,65.2
99.66636,96.5
73.05208,75.3
74.66039,75.3
76.95356,77.2
74.86689,76.1
60.652233,60.9
98.53899,98.6
55.55866,49.8
75.80857,72.9
69.963585,71.8
66.286674,67.8
15.567074,16.0
97.16148,98.6
53.286648,54.3
76.17206,76.6
68.800255,69.1
72.26216,73.1
60.412388,61.3
98.51641,98.4
48.57661,49.1
76.036934,76.9
69.963585,72.0
66.286674,67.6
15.567074,16.0
98.200905,101.6
71.32668,72.3
72.87728,73.5
70.083916,70.4
72.39153,73.1
61.050068,61.4
94.49858,98.4
48.639904,49.1
74.6809,78.7
67.26225,69.6
72.64235,72.6
61.942074,62.5
101.143585,105.3
73.45654,74.5
74.40246,77.8
79.06284,77.7
77.52025,76.7
175.44305,176.6
96.26229,97.9
55.56667,54.9
71.35544,71.8
70.279625,70.6
71.59832,72.3
66.91374,69.1
105.13496,104.2
70.93992,73.6
64.83436,58.0
69.56208,77.4
70.932396,73.4
19.337605,19.6
92.9387,92.03
54.45778,55.65
69.599915,71.2
70.94904,70.74
73.051575,73.13
67.04238,70.39
97.86349,100.82
56.532444,56.53
70.26084,73.79
73.58491,73.69
74.34489,75.29
63.57546,63.31
184.00418,175.55
102.90269,100.22
35.498547,34.21
73.0274,69.31
67.835175,65.3
73.29251,72.09
70.93695,70.54
63.99162,64.16
184.00418,176.59
104.9452,100.47
35.498547,35.3
70.40352,66.71
67.835175,67.0
73.29251,73.47
70.93695,70.54
63.99162,64.16
90.633,90.71
75.05665,75.82
72.30873,72.12
70.083916,70.19
72.39153,73.16
61.050064,61.2
96.55025,96.77
65.76567,72.28
74.3561,73.83
67.82188,70.28
70.494965,72.74
60.78346,61.3
94.49858,99.4
48.639904,50.1
75.01923,77.6
67.26225,69.6
72.64235,72.6
61.942074,62.1
99.71775,102.4
78.00486,77.0
72.74608,74.8
69.35001,68.1
73.528694,77.9
61.08747,62.0
97.86995,100.6
77.59746,79.2
71.238525,71.2
69.68304,67.5
72.70927,73.3
62.09587,61.4
98.2568,102.9
71.1242,71.3
71.84448,72.1
69.68304,74.9
72.70927,72.8
62.09587,61.4
101.88238,103.1
77.47971,81.5
75.090065,77.0
70.55622,70.9
75.73031,77.2
60.652233,62.1
102.248436,104.3
72.28767,72.7
74.84676,74.0
69.87028,70.0
74.69201,76.4
61.6545,62.1
99.66636,103.96
73.05207,74.36
75.52381,76.95
70.55622,71.11
74.97924,76.09
65.288376,68.21
107.66532,109.13
77.79044,82.1
77.49974,77.98
79.08893,84.43
64.27295,70.28
69.7798,72.24
102.69946,103.89
73.68672,74.25
74.66039,75.98
76.876915,78.23
73.22234,77.17
55.213078,62.33
101.03982,101.46
77.10857,74.69
78.73402,81.14
71.1189,73.47
70.589935,72.24
17.871729,17.96
101.03405,101.62
71.61386,71.55
71.898476,73.33
73.266716,70.28
68.60166,69.54
23.622099,17.74
98.96376,98.33
70.48417,70.28
71.992775,69.21
69.46238,70.92
71.7093,71.55
66.448784,69.85
102.94315,104.24
72.23141,73.86
74.84676,72.01
69.87027,69.85
74.69201,74.97
61.6545,70.28
96.92988,99.3
75.68453,74.06
69.8665,70.57
73.464935,73.19
68.24842,67.76
17.241766,16.03
97.02759,99.49
49.35312,48.83
74.90688,72.22
67.26225,64.94
72.64235,71.93
61.942074,62.03
96.84467,93.38
49.10127,49.41
74.6809,75.76
67.26225,69.7
72.64235,71.74
61.942074,61.74
101.143585,102.6
73.45654,77.66
76.27393,77.36
74.292366,72.9
78.19984,75.76
175.44305,174.0
90.633,90.57
74.12621,75.85
72.30873,72.01
70.083916,70.06
72.39153,73.04
61.050068,61.07
93.47124,96.77
74.64423,72.13
68.855644,73.73
69.737175,70.19
71.46553,72.65
100.049706,103.46
71.236374,73.01
75.59434,74.6
79.105385,80.91
77.52025,74.25
175.44305,171.74
99.179955,101.95
54.40323,54.89
77.99189,78.64
75.61223,76.73
74.846664,75.91
60.78088,60.7
99.07306,99.83
53.233746,52.19
59.620266,54.61
66.3619,70.87
68.664566,74.46
17.307947,18.0
100.284096,101.2
56.245937,55.83
74.18491,83.28
70.50724,69.76
75.70045,76.73
60.78088,61.88
97.664505,91.7
68.66948,68.9
72.87728,76.2
70.083916,67.6
72.39153,70.4
61.050064,58.9
97.664505,91.9
67.93692,69.6
74.39741,71.0
69.35134,68.2
72.39153,70.6
61.050064,59.0
98.66564,95.64
54.96552,57.92
77.1713,77.19
75.58044,73.5
74.846664,76.49
60.78088,61.12
104.79931,103.46
66.63634,71.56
72.90519,73.46
69.67563,69.25
73.73278,75.66
60.445217,61.78
99.77343,98.81
69.47118,68.83
70.17855,70.14
72.25339,72.85
69.41602,67.59
19.680656,16.22
106.20066,106.8
83.289375,87.4
76.845695,76.3
80.25996,83.3
73.05809,71.3
64.358185,63.8
98.18078,97.9
53.7709,53.7
76.0527,80.4
68.800255,69.3
72.26216,73.7
60.412388,61.6
99.491905,99.2
67.10967,69.7
76.487206,74.7
72.27775,71.5
69.287766,69.6
17.860147,17.4
97.93659,96.5
71.27192,72.5
72.87728,73.8
70.08391,70.4
72.39153,71.3
61.050064,66.9
95.480484,96.8
52.066845,54.6
69.69347,72.0
69.63024,71.1
69.47701,71.9
64.63376,70.0
99.28417,102.6
56.89297,56.5
74.18491,75.0
70.50724,71.6
74.90824,75.4
63.614616,63.1
184.00418,175.7
99.93237,100.9
35.498547,34.3
73.0274,69.6
67.835175,65.5
73.29251,72.5
70.93695,70.8
63.99162,64.3
184.00418,176.6
104.9452,100.5
35.498547,35.5
70.40352,66.9
67.835175,67.2
73.29251,73.5
70.93695,70.9
63.99162,64.3
99.44022,105.0
67.09258,74.0
62.960464,75.4
70.76694,81.4
71.917496,75.4
62.386765,61.6
99.8434,101.9
76.5615,77.4
77.615166,76.0
67.950584,69.2
73.528694,77.1
61.08747,62.4
100.66317,102.9
58.152832,56.9
74.18491,74.5
70.50724,71.5
75.70045,77.8
60.78088,62.5
97.19511,99.5
50.617535,51.2
68.91195,70.4
75.448875,78.9
71.18633,70.1
64.65981,67.2
98.885254,99.9
51.18332,49.9
72.27168,78.7
71.64781,72.4
67.01678,68.3
16.013725,16.6
99.89239,99.3
71.83764,72.4
71.97979,74.6
65.1653,70.6
71.494026,73.3
61.050068,61.5
98.66564,104.8
54.96552,58.3
78.665,84.2
69.09899,71.8
75.70045,78.6
60.78088,63.4
100.76969,103.9
70.00716,73.3
77.77307,80.0
72.27775,74.3
69.287766,71.7
17.860147,19.1
100.58388,103.5
78.57501,80.8
71.216675,72.7
73.530174,74.8
69.287766,71.0
17.860147,19.4
100.84547,103.7
71.5828,81.4
71.898476,72.5
73.53017,75.0
69.287766,71.8
17.860147,19.4
95.32082,96.0
76.42978,74.5
71.382744,69.8
69.46238,70.2
72.37278,71.5
62.273357,61.4
99.70199,100.9
78.230995,81.6
17.860147,17.0
100.513374,102.3
70.33036,67.7
77.03947,77.3
69.64627,71.2
68.40827,69.7
20.845987,17.0
98.36381,97.0
68.92963,67.9
77.167076,79.5
67.98301,69.6
71.7093,69.7
66.57293,66.9
101.4094,104.8
71.83326,70.2
74.84676,78.3
69.87028,66.1
74.69201,75.3
61.6545,61.4
108.775505,105.5
74.72525,84.0
76.845695,75.9
80.25996,84.2
73.05809,71.0
64.35818,63.0
102.316124,104.2
69.26235,72.9
80.20814,86.1
69.125694,70.2
75.73031,76.8
60.652233,61.9
101.8549,104.2
70.79014,72.2
73.416145,74.0
72.29662,72.2
69.93494,72.4
17.157076,16.5
98.66564,102.28
54.96552,55.43
78.61735,84.68
69.09899,69.88
75.70045,76.32
60.78088,61.77
102.26029,104.34
69.61365,70.87
73.018105,72.39
78.692635,78.07
75.80254,73.69
170.75018,171.23
96.95545,99.4
52.82712,53.07
76.26815,81.32
68.800255,69.14
72.26216,71.43
60.412388,69.23
100.84904,104.55
66.32446,69.06
62.396763,55.63
65.34757,70.63
68.48908,72.85
16.807827,16.22
95.81325,92.61
70.97242,72.4
72.089096,72.7
76.29591,79.6
101.232994,103.62
69.95051,71.3
79.84995,82.9
68.48985,69.2
74.69201,76.2
61.6545,62.65
100.88188,103.43
55.295925,56.9
77.756226,75.9
75.61608,73.9
74.92843,73.3
66.82441,67.3
99.93813,99.67
69.34567,68.8
68.86263,70.1
73.0195,73.3
68.24842,67.8
17.241766,16.7
101.6484,102.26
70.19401,71.74
79.84995,82.9
68.48985,69.44
74.69201,75.6
59.724342,62.65
100.88188,103.95
55.295925,57.0
77.1713,75.61
75.58044,73.3
74.846664,75.9
60.78088,60.6
104.5106,101.42
72.89345,77.7
72.588905,74.9
69.67563,70.0
73.73278,76.0
60.445217,62.65
99.47799,100.45
69.90001,69.5
70.625854,70.7
73.464935,73.3
68.24842,67.3
17.241766,16.7
99.77343,98.57
69.47118,69.1
70.17855,70.1
72.253395,73.3
69.41603,67.8
19.680658,16.7
95.32082,96.0
76.42979,74.6
71.382744,69.8
69.46238,70.3
72.37278,71.6
62.273357,61.4
99.70199,100.9
78.230995,81.7
71.216675,70.8
73.530174,72.9
69.287766,69.8
17.860147,17.1
100.84546,102.4
70.33037,67.7
77.23873,77.2
72.27775,71.2
69.287766,69.6
17.860147,17.1
98.36381,97.0
68.92963,68.0
77.167076,79.6
67.98301,69.7
71.7093,69.8
66.57293,67.0
101.4094,104.8
71.83326,70.3
74.84676,78.5
69.87028,66.1
74.69201,75.4
61.6545,61.4
109.19148,108.1
77.38588,78.5
77.26165,77.5
80.25996,84.0
73.05808,71.6
64.35818,63.4
100.2515,96.4
52.945576,53.5
79.01971,82.0
70.68744,71.7
68.65683,72.05
15.884258,16.8
94.61468,102.2
59.97507,51.3
63.914364,66.5
75.07664,74.9
71.224205,68.2
174.79587,176.0
95.330986,96.6
53.837498,54.6
71.35544,72.1
70.279625,71.0
71.59832,72.3
67.376144,67.0
102.09196,99.5
73.27175,72.7
72.12152,74.9
79.40938,78.4
74.522575,73.6
177.03383,175.5
100.63021,99.5
71.43011,73.6
70.07438,73.6
63.71624,62.1
66.64292,69.2
19.43103,18.4
102.316124,103.9
70.69289,74.4
75.52381,76.9
70.55622,70.5
74.97924,75.5
65.44732,67.0
99.89236,99.6
72.04134,72.7
72.69489,74.3
68.84228,70.5
63.877354,62.4
97.75823,99.1
72.567314,77.5
69.91258,68.7
79.67666,84.0
67.46617,69.8
17.241766,16.8
101.36751,100.2
73.575035,76.0
70.66999,74.4
78.14681,81.2
68.22358,68.9
17.241766,16.8
101.1565,104.8
52.606785,55.9
78.98038,83.5
69.09899,70.1
75.70045,76.1
60.78088,62.1
102.30425,104.3
70.670395,71.0
79.80691,83.4
68.48985,69.4
74.69201,76.1
61.6545,62.1
102.039116,102.9
73.41536,74.4
74.66039,77.2
76.79929,77.8
74.86689,75.6
60.65223,61.7
98.35193,100.8
71.114426,72.9
72.87728,74.1
70.083916,70.6
72.39153,73.9
61.050064,61.7
92.117195,86.3
71.17811,73.9
77.490776,81.4
68.20366,67.4
73.329185,72.6
66.30829,66.7
97.73716,104.2
70.822624,71.5
71.84448,72.4
69.68304,68.3
72.0617,73.5
66.30829,67.3
99.66664,101.5
70.01004,71.1
76.74248,80.0
68.20366,67.3
72.0617,72.0
66.30829,66.8
97.73716,103.8
70.82263,71.6
71.84448,72.4
69.68304,68.3
72.70927,74.9
62.09587,62.5
99.66663,100.8
71.01503,71.5
71.84448,72.1
69.68304,68.3
72.70927,74.2
62.095867,62.5
99.66663,100.8
71.48939,71.5
71.84448,72.5
69.68303,68.3
72.0617,72.4
66.30829,67.3
99.66663,100.8
70.01004,71.1
76.742485,80.1
68.20366,67.3
72.0617,72.0
66.30828,66.8
97.73716,103.9
70.82264,71.6
71.844475,72.4
69.68304,68.3
72.70927,74.9
60.94341,62.5
99.66664,100.8
71.48939,71.5
71.84448,72.1
69.68304,68.3
72.70927,74.2
62.095867,62.5
95.06312,93.74
76.62612,80.74
71.23853,71.41
69.68304,68.41
72.70927,73.76
62.095867,62.21
97.783394,99.09
76.478165,74.3
69.91169,69.25
73.08567,72.41
74.68886,73.28
97.94267,97.29
71.43676,72.47
72.83619,74.06
73.7387,73.21
75.237236,73.58
99.47228,96.21
77.05504,75.89
79.17478,77.57
68.48985,64.7
74.69201,75.42
61.6545,61.89
99.79212,99.74
69.90001,68.87
70.625854,70.66
73.464935,72.86
68.24842,67.7
17.241766,15.96
98.895744,94.43
70.442245,69.0
71.992775,70.24
69.46238,70.38
72.37278,72.04
62.273357,62.11
99.23261,96.76
79.468544,74.95
73.77706,75.16
76.87502,77.16
74.86689,76.14
60.652233,61.17
90.75663,100.22
69.182236,69.22
70.625854,70.66
73.464935,72.6
68.24842,67.72
17.241766,16.98
101.52752,101.28
71.53331,77.32
74.84676,74.51
69.87028,70.01
74.69201,76.03
61.6545,61.85
98.10773,94.48
70.77486,71.93
73.1256,73.86
69.35001,69.58
73.528694,76.95
98.95684,97.44
78.33875,80.33
72.68964,71.66
76.36877,78.45
73.798775,76.13
63.955227,61.83
102.35453,103.99
73.26917,74.04
75.14347,76.91
69.14853,70.44
66.05621,66.47
101.836296,104.7
72.548035,74.5
74.28576,74.97
75.71378,77.64
65.198494,64.29
101.95272,103.08
72.559685,74.04
75.14347,76.92
69.14853,70.44
66.05621,66.47
92.9387,91.8
54.45778,55.3
69.599915,70.8
70.94904,70.0
73.05157,72.4
67.04237,70.5
97.86349,101.6
56.532444,56.0
70.26084,73.4
73.58491,73.8
74.34489,74.7
63.57545,63.0
35.498547,34.8
73.0274,72.9
69.21295,68.0
73.29251,73.3
69.413666,70.2
63.99162,64.2
35.498547,34.8
65.557915,65.9
67.835175,67.2
73.29251,72.4
70.93695,71.5
63.99162,63.4
35.498547,33.4
74.94581,70.0
67.835175,63.5
73.29251,72.9
70.93695,71.0
64.55481,64.2
99.99139,94.4
55.81326,55.0
70.54551,73.8
76.521385,76.6
71.45224,73.3
95.55327,97.2
56.6618,55.0
69.599915,71.8
70.94904,70.0
73.67269,72.0
62.690144,60.5
102.45063,102.9
76.120155,79.9
74.46724,72.5
69.87028,69.3
74.69201,75.6
61.6545,61.6
99.29815,101.9
69.03479,70.1
71.505745,70.3
75.51382,72.9
65.83392,69.1
14.495516,16.2
101.00671,101.3
67.05745,72.1
77.99472,82.5
67.950584,67.4
73.528694,77.6
61.08747,62.4
97.19511,101.2
50.617535,51.5
68.91195,68.5
75.448875,78.8
71.83339,73.8
61.942074,62.3
98.88526,99.9
51.183323,51.3
72.27168,68.7
71.64781,72.6
67.01678,68.8
16.013725,16.7
94.49858,99.2
48.639908,49.8
75.11729,77.6
67.26225,69.1
72.64235,71.4
61.942074,61.5
101.112236,103.0
79.01086,78.0
74.31103,73.5
73.34631,77.2
74.67092,68.0
73.81297,69.2
100.93159,102.8
51.620796,51.8
78.143234,76.5
68.37197,65.1
74.055214,75.8
58.282455,62.1
97.59082,94.9
50.695965,50.6
69.72091,68.2
68.71503,77.6
72.64235,73.0
61.942074,61.2
95.223564,96.29
50.608723,54.8
70.54773,72.1
70.03965,68.85
77.18183,75.98
180.78336,175.0
99.91249,98.1
70.13661,71.3
75.74653,80.7
58.34006,53.1
65.728226,71.9
18.116163,18.0
99.95752,103.3
70.31428,68.2
73.91755,75.8
57.71713,52.3
64.024284,69.5
17.808966,18.0
99.40252,101.7
71.74334,78.2
68.942406,69.0
59.177498,54.3
64.02429,69.7
17.808966,18.0
95.06312,99.3
76.815605,79.4
71.238525,71.0
69.68304,68.2
72.70927,73.5
98.2568,102.2
71.1242,71.4
71.05725,72.0
76.05126,75.0
71.92206,73.7
97.07367,99.2
48.793224,49.9
75.01923,77.6
67.26225,69.6
72.64235,72.2
100.09728,102.1
69.66419,76.1
77.96104,80.5
67.950584,67.6
73.528694,77.5
98.33831,101.1
71.34121,72.5
72.87728,74.1
70.083916,70.8
72.39153,72.9
94.49858,100.5
50.09269,51.4
68.91195,68.3
75.42684,79.4
71.83339,72.8
61.942074,61.9
99.77069,102.6
69.9791,70.9
77.81331,78.6
69.63149,72.2
67.92003,70.7
17.808966,17.5
99.40252,102.9
71.74334,71.1
72.83817,79.3
71.091866,72.3
67.92004,70.3
17.808966,17.5
99.49944,101.7
70.00434,68.2
79.11521,77.9
71.118904,71.3
70.58994,73.2
17.871729,17.5
98.55975,96.1
71.363365,72.4
72.089096,72.3
76.295906,76.6
71.60334,71.5
100.85346,102.7
78.18981,77.1
73.60952,73.0
76.464806,79.7
73.83429,73.9
98.71717,105.1
71.687294,74.9
72.87728,76.5
70.083916,78.5
72.39153,75.7
101.432076,99.1
72.930855,72.4
75.52381,75.4
70.55623,70.5
75.73031,72.7
94.77972,100.0
52.90607,55.5
76.172066,78.3
68.800255,70.3
72.26216,73.2
60.412388,62.4
98.51641,99.6
48.47127,50.6
75.269646,75.3
76.18459,81.1
65.47326,69.7
15.567074,16.7
98.25846,102.5
70.18579,70.4
71.33581,71.4
76.83341,71.5
72.873375,73.2
60.661167,63.4
101.87206,105.3
73.1245,74.2
76.27393,84.2
74.292366,73.6
76.34763,77.9
141.89308,173.7
97.97845,101.9
76.07449,78.6
77.09128,78.9
72.27775,72.9
69.287766,70.4
17.860147,17.9
100.31983,103.2
56.738743,56.9
74.18491,74.4
70.50724,71.1
75.70045,76.8
60.78088,61.8
101.26568,103.7
70.491516,71.0
77.77307,78.8
72.27775,72.8
69.287766,70.2
17.860147,17.9
100.58387,101.9
78.57501,78.5
71.216675,71.3
73.53017,73.4
68.62447,70.2
18.817757,18.1
100.84546,101.7
71.5828,79.1
71.898476,71.0
73.53017,73.4
69.287766,71.0
17.860147,17.9
99.85183,104.8
70.27883,70.3
79.55431,78.5
68.48985,66.1
74.69201,75.4
61.6545,61.4
98.28571,96.0
77.0066,74.6
71.382744,69.8
69.46238,70.3
72.37277,71.6
62.273357,61.4
99.70199,100.9
78.230995,81.7
71.216675,70.8
73.53017,72.9
69.287766,69.8
17.860147,17.1
100.84546,102.4
70.33037,67.7
77.23873,77.2
72.27775,71.2
69.287766,69.6
17.860147,17.1
98.36381,97.0
68.92963,68.0
77.167076,79.6
67.98301,69.7
71.7093,69.8
66.57292,67.0
101.4094,104.8
70.45285,70.3
79.55431,78.5
68.48985,66.1
74.69201,75.4
61.6545,61.4
98.895744,96.0
70.442245,74.6
71.992775,69.8
69.46238,70.3
72.37278,71.6
62.273357,61.4
109.19148,108.1
77.38588,78.5
77.26165,77.5
80.25996,84.0
73.05809,71.6
64.35818,63.4
103.200165,104.4
70.3505,73.9
75.14347,76.0
69.14854,69.7
66.05621,65.6
99.47228,100.97
77.137726,75.2
79.17478,71.82
68.48985,67.66
74.69201,75.81
61.6545,61.0
98.12699,97.93
70.744446,72.31
68.39166,74.1
68.6641,70.09
70.48327,71.84
66.04353,61.0
97.826546,94.24
66.24961,70.45
69.212425,68.94
72.25572,77.18
70.49118,71.82
62.918713,61.0
99.31577,101.59
70.597786,70.65
72.26947,72.4
75.88438,78.1
72.672554,75.64
61.08747,61.0
100.24602,101.39
69.294136,67.47
77.95321,75.02
67.950584,73.81
73.528694,73.29
61.08747,61.0
99.91383,94.02
78.02303,77.35
71.216675,70.45
73.530174,73.48
69.28777,69.43
17.860147,17.34
98.75443,98.68
70.68575,69.14
71.992775,69.17
69.46238,70.07
72.37277,71.91
62.273357,61.0
100.6946,96.89
68.00631,72.62
73.790245,73.79
71.35973,71.18
76.57468,76.44
170.75018,175.59
170.28166,172.9
103.56002,101.58
41.41412,37.08
66.811,71.6
54.52538,53.3
73.037094,72.2
93.79447,101.2
75.64431,72.8
79.91622,79.8
69.125694,69.0
75.73031,75.4
60.652233,61.6
85.44918,96.4
68.00187,68.78
70.65766,69.7
69.26936,69.6
71.42797,70.6
62.273357,61.6
100.85384,102.4
56.697094,56.6
74.18491,77.8
70.50724,69.7
75.70045,75.9
60.78088,61.6
106.19117,110.0
76.49673,82.2
78.124115,78.0
74.31076,84.2
79.30363,70.5
64.75857,72.2
101.901726,104.2
66.047676,52.2
75.06893,79.3
69.68957,70.6
73.645744,75.8
64.53662,62.0
99.66636,103.5
71.621544,74.1
79.181755,76.6
75.44478,70.6
73.776596,76.8
60.62851,61.8
96.934654,100.0
57.50426,72.9
76.094345,73.6
68.604546,69.7
72.39153,71.5
61.050064,68.8
104.85185,104.4
72.822334,71.8
73.98907,81.6
76.15974,76.4
69.48057,76.2
60.975716,60.7
98.34695,99.73
74.62931,79.07
71.238525,70.8
69.68304,67.72
72.70927,73.98
62.095867,61.81
98.2568,102.96
71.1242,70.8
71.84448,71.17
69.68304,67.72
72.70927,74.1
62.09587,61.97
99.85183,99.3
71.65925,74.8
73.98907,75.7
76.340004,79.2
100.70942,102.4
69.57583,70.7
79.74873,82.4
73.32772,73.3
74.68886,75.0
104.46359,106.3
75.01389,76.0
75.59434,77.3
81.372536,84.0
77.52025,78.8
175.44305,178.1
104.43445,105.3
74.27865,75.9
76.27393,78.5
74.292366,74.7
78.199844,78.8
175.44305,178.6
96.661766,92.89
77.02073,77.31
73.14515,70.92
70.44705,73.36
67.92004,69.4
17.808966,18.02
101.69462,102.22
72.08807,71.66
73.98907,74.03
76.49532,76.11
73.83429,75.62
61.6545,62.89
99.95792,101.73
77.48247,73.92
72.74608,75.62
69.35001,68.24
73.528694,77.99
61.08747,62.26
97.943634,96.66
76.48584,73.18
69.91169,68.94
73.08567,72.09
71.287224,73.22
97.94267,96.87
71.43676,72.62
72.83619,74.17
73.7387,73.25
75.237236,73.6
98.665634,98.0
54.96552,55.8
78.97123,82.7
69.09899,68.6
75.70045,76.5
60.78088,61.8
102.14305,103.9
73.44163,74.4
74.66039,77.5
76.83097,77.5
74.86689,77.4
60.652233,62.1
97.18098,98.0
54.45344,54.1
70.54552,70.2
76.52523,75.3
71.45225,72.6
60.412388,61.1
100.97434,103.4
78.230934,76.5
74.46723,72.8
69.87028,69.9
74.69201,76.5
61.6545,61.8
98.71717,100.1
71.687294,72.1
72.87728,73.6
70.083916,70.2
72.39153,72.6
61.050064,61.1
92.9387,93.5
54.45778,55.9
69.599915,72.1
70.94904,70.7
73.05157,72.9
67.04237,70.8
97.86349,102.2
56.532444,56.7
70.26084,74.3
73.58491,74.1
74.34489,74.9
63.57546,63.6
184.00418,175.8
102.90269,103.2
35.498547,33.7
73.0274,73.1
69.21295,69.5
73.29251,73.6
69.413666,70.2
63.99162,64.5
169.57292,175.8
104.9452,100.9
35.498547,35.4
65.557915,66.7
67.835175,67.7
73.29251,72.7
70.93695,71.6
63.99162,63.6
194.52354,177.0
99.00146,101.1
35.498547,35.4
74.94581,74.0
67.835175,65.4
73.29251,72.7
70.93695,71.8
64.55481,63.6
99.99139,98.0
55.81326,53.8
71.35544,67.5
95.06312,94.08
76.86536,80.96
71.23853,71.22
69.68304,68.35
72.70927,73.3
62.095867,61.98
100.9835,105.34
70.59453,72.07
73.416145,73.94
72.29663,72.21
69.93494,71.73
17.157076,16.17
98.66564,95.6
54.96552,56.79
78.98037,83.57
69.09899,69.78
75.70045,76.37
60.78088,61.84
102.30425,104.3
72.05082,71.65
74.84676,73.52
69.87028,69.45
74.69201,76.13
61.6545,61.81
99.85183,104.0
71.65925,71.9
73.54844,73.1
76.42459,78.4
73.83429,76.2
61.6545,61.2
98.414215,100.5
71.0913,72.4
72.089096,72.2
76.25979,79.3
70.9395,70.6
65.55438,68.3
101.044106,102.9
72.72105,73.9
75.52381,75.2
70.55622,79.8
75.73031,75.6
60.652233,61.1
101.33168,103.1
73.0118,73.9
74.66039,75.2
76.87502,79.7
74.86689,75.6
60.652233,61.2
101.52752,103.6
71.53331,71.9
74.84676,73.6
69.87028,69.5
74.69201,76.1
61.6545,61.9
100.04971,96.77
71.236374,75.0
76.27393,76.53
74.292366,72.69
78.19984,76.93
175.44305,176.47
98.66564,96.0
56.373775,58.5
73.33112,77.9
76.98026,76.1
74.846664,75.9
97.30172,97.6
54.49443,54.4
71.35544,71.6
70.279625,70.5
72.26217,72.8
60.412388,60.9
99.85183,99.3
71.65925,74.8
73.98907,75.7
76.340004,79.2
99.5595,101.0
73.83828,77.6
78.59881,80.0
73.32772,73.3
74.68886,74.6
104.46359,106.3
75.01389,76.0
75.59434,77.3
81.372536,84.0
77.52025,78.8
175.44305,178.1
104.43445,105.3
74.27865,75.9
76.27393,78.5
74.292366,74.7
78.19984,78.8
175.44305,178.6
104.74752,107.6
82.04587,80.0
74.90801,71.6
79.618645,83.9
64.0371,63.5
97.971634,96.7
53.70696,53.2
76.333336,81.4
68.800255,69.6
72.26216,73.0
101.50222,104.4
71.84843,71.7
73.98905,73.1
76.459404,77.4
73.83429,76.5
97.27856,98.7
54.462467,54.5
70.54551,70.0
76.52523,80.0
71.45224,71.1
101.353874,103.8
71.37204,72.0
74.84676,73.8
69.87028,76.7
74.69201,75.6
94.77972,91.77
54.385433,55.0
71.35544,71.74
70.279625,71.26
72.26217,72.51
60.412388,61.78
96.40194,94.4
69.97743,74.5
72.53773,73.5
70.40047,71.9
72.94252,74.5
63.918644,60.1
94.49858,95.85
48.639904,47.96
75.11729,76.2
67.26225,68.39
72.64235,70.55
61.942074,68.86
101.49178,104.56
71.85656,70.37
74.84676,72.3
69.87028,68.45
73.9356,74.86
64.76412,60.85
100.988174,100.95
57.08018,55.13
74.18491,73.73
70.50724,69.68
75.70045,75.65
60.78088,60.52
95.48048,97.1
52.066845,54.7
69.69347,72.3
69.63025,71.4
69.47701,71.9
64.63375,69.8
99.28417,102.7
56.89297,56.6
74.18491,75.0
70.50724,71.9
74.90824,75.3
63.614616,63.4
184.00418,176.0
99.93237,101.0
35.498547,35.2
70.40352,67.2
67.835175,67.5
73.29251,72.7
70.93695,70.7
63.99162,64.5
102.316124,104.5
69.26235,74.1
79.95532,83.8
69.125694,71.3
75.73031,77.0
60.652233,62.2
98.44804,102.0
70.84269,71.6
71.84448,71.8
69.68303,68.1
72.70927,73.2
62.09587,62.1
98.12275,97.5
75.03306,76.1
72.30873,72.8
70.083916,70.8
72.39153,72.7
61.050064,61.9
98.2328,98.7
71.09651,71.4
71.84448,71.4
69.68304,67.9
72.70927,74.1
62.095875,62.1
99.540535,97.6
78.56283,78.4
74.244606,74.1
70.66639,73.4
69.37368,73.2
18.116163,17.3
99.46833,101.1
77.35153,78.1
77.20327,77.2
69.63149,72.9
67.92003,69.8
17.808966,17.6
107.265205,103.0
77.8971,78.4
76.89589,75.8
80.64385,79.2
65.0942,61.3
99.40253,102.3
71.74334,68.1
72.83817,78.1
71.091866,71.2
67.92004,70.2
17.808966,17.8
95.34881,95.5
55.40804,54.6
69.05953,70.6
75.866585,78.2
72.447815,72.0
61.956142,60.9
98.9809,102.5
69.4093,70.9
73.03364,70.6
70.39427,75.8
76.48194,70.9
