1H6,1HC1,1HM1,1HM2,1HM3,1HM4,1HM5,1HM6,1HN2,1HN4,1OP,1OS2,1OS3,1OS4,1OS6,2H6,2HC1,2HM1,2HM2,2HM3,2HM4,2HM5,2HM6,2HN2,2HN4,2OP,2OS2,2OS3,2OS4,2OS6,3H6,3HM1,3HM2,3HM3,3HM4,3HM5,3HM6,3OP,C,C1,C10,C11,C12,C13,C1_KDO,C2,C2_KDO,C3,C3_KDO,C4,C4_KDO,C5,C5_KDO,C6,C6_KDO,C7,C7_KDO,C8,C8_KDO,C9,CM1,CM2,CM3,CM4,CM5,CM6,CO1,CO2,CO3,CO4,CO5,CO6,H,H1,H10,H11,H12,H13,H14,H15,H16,H17,H18,H19,H2,H20,H21,H22,H23,H24,H25,H26,H27,H28,H3,H3A,H3E,H4,H4_KDO,H5,H51,H52,H5A,H5E,H5R,H5S,H5_KDO,H6,H61,H62,H6R,H6S,H6_KDO,H7,H7R,H7S,H7_KDO,H8,H8R,H8S,H9,H9R,H9S,HN1,HN2,HN3,HN4,HN5,HO1,HO2,HO3,HO4,HO5,HO6,HO7,HO8,HO9,N,N1,N2,N3,N4,N5,NH2,NH4,O,O1,O2,O3,O4,O5,O6,O7,O8,OC1,OC2,OC3,OC4,OC5,OC6,OH1,OH2,OH3,OH4,OH5,OH6,OH7,OH8,OH9,OS2,OS3,OS4,OS6,P0,S1,S2,S3,S4,S6
-0.73253995,0.20068261,-0.7058592,-1.0255402,-1.6679804,-1.145236,0.8673356,-1.494795,2.0812309,0.3055926,-1.3019025,-0.41584605,0.7039631,-1.0670685,0.00011217279,-0.7483646,-1.3773386,1.7845918,-1.681505,0.618998,-1.4104152,-1.8130034,-0.29746503,-0.3434084,-1.4094594,-0.22861591,0.6479286,-0.80052567,0.6041046,-0.96045995,-1.162867,-1.2830833,-0.010602595,-0.44806072,-0.11398186,-1.5719318,1.1474379,-0.082274005,0.63389236,1.5260451,4.56584,-1.1337343,0.0173228,-0.8282944,-0.5379644,1.4154894,-0.32035753,0.037692636,-0.7567308,1.2640115,0.10595319,0.90201205,-0.98946553,1.4162152,0.73747766,0.50376815,-0.5039968,-2.0924857,0.6926828,-0.3305339,0.08775557,-0.3217199,-1.1341687,0.3088244,-2.0506127,0.6466511,0.7822732,1.7046812,-1.2089467,0.16294472,-0.8604735,0.37603277,-0.46617097,-0.82781243,0.9404942,-1.1612929,0.96382684,0.3623253,-0.53758115,-1.1610405,-0.16292006,0.0050378595,-1.0657783,-1.366889,2.1145709,-1.3719183,0.20956339,0.9377656,2.102368,-0.6972017,-0.36730912,-0.74172795,-0.5172423,2.2151287,1.44868,0.06350486,1.6390646,-0.38299304,0.1981523,0.6974789,-0.88164085,0.11333665,-1.7038373,0.04196009,0.8788699,1.200158,-0.031963952,1.6850096,-0.82643235,0.18824977,-0.62208664,1.3963645,-0.014202619,0.11738743,-0.2164809,-0.30553257,-1.9418178,0.5246835,0.322277,0.78738004,-1.6382136,0.25736356,0.7384849,-0.6152764,0.4321775,0.94199103,0.9174509,-0.36773705,0.48493078,-2.4692304,-0.64886475,0.31868222,-0.41211677,0.2579683,-0.54687554,-1.0009183,0.20865694,-1.1719536,-0.42483193,-0.026194293,0.059872672,0.992611,-0.65047944,-0.56874895,-0.13779299,-0.84178984,-0.18975495,0.11435813,-1.6119311,3.4035335,-0.24662168,-0.48492703,0.86485076,-0.8360268,-0.6259296,0.89608765,-0.11062156,-0.35256517,0.4859773,1.1872675,-0.876199,-0.2172589,0.652382,-0.28862473,-0.29231298,0.091966435,-0.6565842,0.53043675,0.41120267,0.35984913,-1.1863855,-1.3011245,3.150595,-0.6597572,-0.88860685,0.59082144,-0.688098,-0.28186136,0.425202
-0.39251617,-0.13911752,0.92700756,0.925046,0.8429883,-0.15413995,1.2159319,-1.400058,0.46467876,1.1841474,0.75333196,-0.75457954,-0.1753173,0.49297196,-1.0111359,-0.47412086,0.16886601,-0.8689272,-1.0966928,0.31956056,0.2508548,-0.031898197,0.62992674,1.465917,0.3185152,-1.3155466,0.14538018,0.15645307,0.58951175,0.04156091,-0.7940021,-1.0718865,-0.4718891,0.18943419,-0.96594375,-0.81728333,1.1693358,0.1908652,0.1370432,-0.80383575,-0.21638723,0.5450135,-1.6341844,0.78300667,-0.3537402,-0.14494933,0.3383083,0.32746637,0.2302648,-0.064958915,0.18646863,0.9251101,-0.56137556,0.47155944,-0.44057924,-0.9459449,-0.77320325,0.4671507,0.7245267,0.63821465,1.2376124,0.22561404,0.09706477,-0.2466906,0.4793689,0.19736192,-0.79366946,-0.111682676,2.3019354,-0.58062106,-1.2539337,-1.0672888,-0.59493214,-0.34428924,-1.8576578,-1.9945252,1.057562,-0.73951024,-1.3849438,1.4243305,0.7873059,-0.06642064,0.25697854,-0.13846493,0.82212555,0.40936297,-0.27701,-0.15158948,0.4443845,-1.8376935,-0.79716104,-0.8813163,-0.13112643,-0.15601201,0.880055,-0.9026249,1.474135,-0.223036,-1.6978981,-0.010233848,-0.19178613,-0.40824574,-0.3203631,-2.294914,-0.5281298,1.0671225,-1.1493547,0.10291235,1.4413388,0.62904674,-0.31702134,0.82868046,1.5174296,0.3321793,-0.03172077,0.44533557,-1.4152081,-1.5016598,-0.43352154,1.2549337,-0.90357065,1.3875785,0.66232914,1.3507565,-0.6950133,-0.26566577,1.1556715,-1.4396743,1.2882881,0.060312837,1.1932981,0.94940484,-0.28293052,1.050637,1.8960795,-2.0802448,1.2874013,0.26117966,-1.0293307,-0.3116546,0.9460335,-0.02504354,-0.0037907609,-0.47935298,2.393707,0.792311,0.8217174,-0.87572616,1.4534174,1.9941559,-1.2139128,-1.1020304,-0.20680773,-0.55956924,-0.6510902,1.1182693,2.818265,-0.2912323,1.7547545,1.4191632,1.3084638,-1.4451358,-1.0058191,0.13755663,-0.5308391,2.3665187,0.8843844,-0.9361882,-0.36073276,0.55393994,0.117911205,-0.4082807,-0.74713045,1.5239314,0.5464913,-0.97011584,-1.8236858,0.67269886,1.2744753
1.8981419,0.79292727,0.13781647,1.6272856,1.8592079,0.53699017,0.6203869,1.6226288,-0.9115623,1.6847188,0.54350406,-1.036532,0.448037,-0.39276215,0.18654987,0.3567541,0.37983483,-2.3653212,-1.0554749,0.24250554,0.14527334,-0.4561589,0.32036638,0.92809755,0.34900564,-1.4242004,0.48547366,-0.092201784,-0.23203139,-0.48499128,0.36396202,1.7893567,0.9865797,0.68365455,-1.1796308,0.02931983,-0.5342219,-0.9734747,-1.4668634,-0.35220334,1.0274106,0.035022136,-1.3291734,-1.1050795,-0.32842392,1.8060166,-1.130152,-0.13182142,0.17671637,-0.6728686,1.8808038,-0.8396196,0.24338116,-0.04851004,-0.112922266,-0.94422925,-0.74619156,0.20776406,0.24982359,-0.92575896,-0.18710622,-1.6577989,0.848275,-0.25218773,0.12577768,-2.018168,0.58658576,-1.84475,-0.515953,0.6001497,0.2409566,1.22845,1.0945525,-0.07646645,-0.40841892,1.0988971,-1.8889091,-1.6659023,-2.0454469,-1.0475434,-0.5008639,-2.0508995,-0.6839194,-0.4586589,-0.36195025,0.13611919,-0.9288452,1.2435528,0.56714743,-0.22566922,1.8777395,-0.29566538,-0.75067496,0.59652853,1.3370721,0.76567376,0.8214597,-0.046129912,-0.2922233,0.34876394,-0.89044166,0.5856314,2.1258283,0.21695374,1.0490949,0.69521743,0.5534852,0.16964003,1.4449679,-0.9465207,-0.68538994,-0.704464,-0.79226863,-0.44331998,0.47899994,0.7831361,-0.84830385,1.681724,0.22775392,0.087261334,0.8028437,-0.2886196,2.3740692,-0.6004754,-1.8771206,0.47377804,0.62182206,0.2700936,-0.04314934,-0.034547824,-1.1558788,0.13607307,-1.1352315,-1.8784556,0.18598863,1.1233784,2.0713973,-0.40768832,0.73329073,-0.8737358,0.083397,2.3389876,-1.8270552,0.86411655,0.0852033,-0.062534,-0.66663295,0.41001955,-1.4788328,-1.4160429,0.7346642,1.5998156,-0.5599801,1.0599494,-0.18811105,0.5578974,-0.25653845,-0.22195373,0.26306397,1.1575112,-1.9513718,-0.24095143,-0.15515664,0.22778212,0.85957795,-0.53606296,-0.19052464,1.2994459,0.22909789,0.89115924,-0.64202076,-1.3196107,1.0337453,0.48728034,-1.1207942,-0.882098,0.49119318,-0.605247,-0.12413718
-0.35218742,1.1305869,0.9642342,0.5683675,0.84574115,0.39839777,0.77613914,-1.218863,-0.25640327,-0.7489813,-1.68892,0.2801736,0.46341744,0.24668214,-0.31878272,0.16880137,-0.55591285,1.864599,0.3781502,1.6295424,-1.2032841,0.5739859,-0.02717436,0.35655195,-0.30236498,-0.42752913,0.15353188,0.009849255,0.23444252,-0.096998505,-0.14181061,0.31284314,1.7216958,-1.1896617,1.3648231,-0.2716699,0.2152885,-0.41624966,0.88028556,-0.73423654,-0.68550926,1.1380823,1.8831679,-1.483555,0.7903992,-1.1420463,-1.3208573,0.053387523,1.4312339,0.58700716,0.9541386,0.023246864,1.569657,-0.6243738,0.44446823,-0.9390967,1.8708006,-1.7876599,-0.4066088,1.056592,-0.10210075,-0.9794159,-0.55843663,-0.41703308,1.0375959,-2.5500417,-0.27757028,-0.2395021,-0.4337995,0.795411,0.1789635,-1.4211049,0.137933,-1.9377564,-0.48312616,0.17488654,0.84556395,-0.4159718,-0.46011156,-1.3911833,0.9710822,0.6892472,-0.61704063,0.11550102,-0.18379925,-0.6264478,-0.3670449,1.5435523,-0.0758455,-1.7499027,0.7659566,0.41100216,-0.25322518,0.80530196,0.55809456,0.23165578,1.4424857,-1.1846861,-0.055086773,0.5743455,-0.6059315,-1.1091111,-1.0764647,-0.58863676,-0.80521697,-0.93204665,-1.2371022,-1.0095593,1.0144343,-0.84800136,1.6436335,1.623844,-1.1681708,1.5095203,-0.34052116,-0.7735585,-0.20414668,-0.206399,-1.1463678,-1.2170488,0.32427263,-1.1468037,-0.33050096,-0.1497065,-0.016555822,0.20268542,-2.2493992,0.573797,0.8638712,1.175967,0.52521336,1.110197,-1.3792645,-0.05924115,-0.85163176,1.7579061,-0.5268584,0.10251128,-0.15266097,-0.9151583,1.2170131,-0.5313103,0.13884133,0.413606,0.6002909,-0.93639785,1.2535452,-0.14816618,0.0090654,-1.6151553,0.81970614,1.2794923,-0.8392596,0.9113911,1.1243689,-0.037496213,0.08440796,-0.85616505,0.47025028,0.44030783,0.35158762,-1.7165111,0.38465583,-0.04005472,0.95378846,1.2744508,-1.0941896,0.4168279,-2.3712237,0.16665082,1.8858532,0.48329744,1.9491059,0.6538524,1.927783,-0.97085994,-0.77369285,1.3859671,-0.24466921
-0.80135626,-0.11729029,0.07768168,-0.48861697,-0.99565274,-0.29411498,0.19704668,-0.6164822,-0.0021899368,-0.91311866,1.9835055,0.29957557,0.05677118,0.006046674,0.2903299,1.1798779,0.12727852,0.22410831,0.6698668,-1.8903782,-0.54199487,0.12942336,-1.566306,1.3126619,-0.10037479,0.59754914,-0.3292419,-0.5543924,-0.07410681,0.12921779,0.24982283,0.09540809,-0.3194279,1.5120481,0.47286186,0.491512,0.6675875,0.7349551,1.449148,0.26499906,1.5810198,1.0567657,-0.016072879,0.8949351,-0.5116526,0.43396357,-0.017242542,0.116815805,-0.1576111,0.73383164,-1.1480855,-1.1200534,-0.7430336,-0.8749424,0.67867494,-1.0693508,-0.5349173,0.9351737,0.5347255,1.1333559,0.2170468,-0.21905541,0.56633574,0.5604968,-0.60077554,0.35011458,1.0083395,-1.8976322,0.250088,0.18287215,1.3466926,0.4663582,0.59850764,1.3314469,1.0585201,0.5106318,1.5775568,-1.4391102,0.9889228,1.0922071,1.2486627,-1.3540671,-0.3841904,1.4505668,0.39440736,-1.6069813,-0.8424599,1.1604408,-1.1388192,0.49984413,-0.7822357,0.313118,0.17022963,0.6361899,0.5503318,0.35585126,-1.5466664,0.03165868,0.9200137,-1.8060485,-0.1458946,0.43304205,-0.07467639,0.545862,-0.12964731,2.0796316,-1.0081785,-0.029696234,0.24797863,0.45589802,0.7595834,-1.4669912,1.5746123,0.12636863,0.123750314,0.36244145,1.1225024,-1.1543198,1.5160495,-0.057759747,0.34208813,0.26418087,1.0140733,-1.2275062,0.13545614,1.9718558,0.6516494,-1.2655994,-0.5702449,-0.06216693,1.8966658,-0.7095121,-0.34616038,-0.0354404,1.4032975,-0.72678775,1.5340728,0.46264538,-2.1491923,1.8152007,-0.13856265,-1.7770301,0.28409368,1.3104727,0.96342415,-0.2781377,-1.4390639,1.6580579,-0.111759745,0.1932982,-0.7028619,-0.13953365,-0.67103314,-0.783838,0.91563267,0.38644305,-0.065221235,0.491905,-0.41161817,0.13583411,0.55965966,-0.60987896,0.4633702,0.55642885,0.91261333,1.3300133,0.9283681,1.5695368,-0.1871096,0.13247417,0.20616764,0.54852927,-1.0697532,-0.8926256,0.4801583,0.3588586,-0.8760485,-0.68500066,-0.075625405
-0.47992352,1.3632252,-0.9559069,-0.1279073,0.22648923,0.08203607,-0.21461345,-1.5976849,0.6710982,-2.4258242,0.730919,1.3310008,-1.2276039,-1.367013,0.07076823,0.9103399,-2.8340223,1.7079867,-2.2553842,-0.017040605,0.47251558,0.4411823,1.1003735,0.51564264,0.74942243,-0.027720714,0.9666824,-0.9990898,0.16401905,0.15387335,-1.5589464,0.018605782,1.8783346,-0.039209455,-1.5041953,-0.76279485,-0.44021153,1.3036056,-0.26025274,0.75294876,-1.2508005,-2.362461,0.20137998,-0.05305514,-1.625549,0.57508093,0.395096,-0.7441195,-0.51205117,-2.7918408,0.29619154,-1.2399658,-1.0587026,1.7310625,-1.5655929,-0.64942956,-0.20133616,-0.58220774,-0.7157039,1.1385992,-0.9475534,-0.1485813,1.3733939,0.10753524,-1.9110395,2.460954,0.013839009,2.321656,1.0454386,-0.6457531,0.05804839,-0.8704309,-0.62860775,-0.8683211,-0.7687648,-0.06663944,1.430831,1.9730082,1.593117,-1.098052,-0.46944824,-1.2868711,-0.16112491,0.6380601,-1.2431225,1.1922673,0.63687694,0.32603967,1.285411,0.5337084,1.9436798,-0.06152538,-0.13427223,0.5328223,0.4792722,0.532262,0.39067265,1.2258569,0.6250178,0.95178366,0.9069057,0.404218,0.9141447,1.0088618,-1.1955361,1.1670332,0.21472605,0.66916984,-1.2067155,-1.3704846,0.8021146,0.7484458,-0.049864043,-1.2141228,-0.9536446,1.3839109,-0.19162567,-0.010068269,-1.8293446,-0.35588655,0.641286,2.3293676,-0.5874897,-0.6618797,0.5663016,0.2685636,-0.18613607,1.9875988,1.434201,-0.024894362,0.6208718,-1.0550984,-0.031395297,0.8957361,-1.2797835,-0.13868907,0.38988972,0.8756305,-1.6405112,0.34105846,0.37138385,-1.3302432,1.4499359,-0.12170644,1.2376989,0.974298,-0.52168226,-1.0291067,-1.3139672,-0.5174775,0.41543326,-0.08099537,0.86803,0.008465584,1.2585675,-0.7006476,1.1451476,-0.93664443,0.37025025,-0.5433692,1.3303837,-1.1063385,0.40973043,-2.4349208,-0.30439085,-1.1459401,-1.0543795,-0.65377504,-0.74240375,-0.21364595,-1.5316867,1.5195994,0.31686252,0.7574035,1.2562549,0.29298508,0.81304705,-0.16576888,1.7874289
-2.6583993,-0.5416859,0.06860646,1.3624387,0.4733051,-0.5750447,2.9042006,0.7713481,0.8611322,1.810999,0.004288679,-0.0993941,1.2992412,1.6084238,1.8019339,1.4486358,0.16975307,2.2922893,-0.5903669,1.0126357,0.8060041,2.2417073,0.27865964,-0.66043186,2.469426,1.1240321,-2.7827556,-1.1751428,0.6603456,0.08461701,0.63797885,0.9829356,0.6339562,-0.2532058,0.23320831,-0.088982515,0.5894968,0.7771846,0.1317613,0.7814076,0.9837748,-0.69744724,-0.55805844,1.3935796,1.3402184,-1.1242423,-0.3911619,0.15614903,1.7087446,-0.30518425,-1.0159962,0.26626518,-1.2978636,0.41912553,0.41745386,-0.23666447,0.4289133,0.7979362,-1.0828006,-0.3684312,0.69515556,-0.9590319,-1.3887049,-1.4289395,0.0990566,0.33215243,0.3705119,2.0983312,0.4297449,-1.6340103,-0.8141286,2.3316483,0.059878007,0.57630414,0.82854897,0.47648755,0.2631495,-0.016566375,-1.2712319,-0.3302403,-0.114199966,-1.9800823,0.44102627,-1.1500024,-1.1604006,0.8085825,-0.46550474,-0.62328166,-0.25802872,1.4010984,-0.32921204,-0.040776215,0.6269958,0.24491228,1.727589,1.8129245,-0.4549281,0.1887392,-1.2357731,1.4760945,0.06132221,-0.48143417,-2.0635757,0.7239099,1.2580594,-0.26470587,0.35826698,-0.85333073,-0.45760864,0.7109213,-0.7722611,1.0230327,-0.22431931,0.30986184,-0.6489571,0.5541132,-0.7557198,-0.12876178,0.7542502,-1.304376,1.0922114,-0.09644287,-0.20809966,0.9030408,-1.1681631,-0.5853732,0.6282948,1.2423818,-0.6465433,-1.4012138,-0.34916574,0.6986523,0.54452646,-0.24908333,0.40433213,-1.0926795,-0.46519914,-0.0043938695,-0.40854236,1.9420075,-0.018663762,0.4758661,0.76769763,0.7555001,-1.4572694,-1.2198102,-0.7288369,0.9906685,0.5421489,0.1431381,-1.9022081,-0.5958817,-1.5321189,-0.17352796,-0.99445665,-0.6530159,-2.2088952,-1.0727915,-1.1520439,-0.67089444,-1.2998269,-3.111345,-0.19347858,-0.057059933,0.43759513,-0.55282575,1.3532251,0.58510405,0.99054366,0.43465015,-1.4492315,-0.8042711,0.5658512,1.2842544,0.34848017,-1.7285981,-1.0809866,-0.5085921,-1.1496658
0.7655918,-1.1544927,-0.6468771,-0.75409466,-0.34270564,-0.3823803,0.1027749,0.8860368,0.008545249,-0.75999403,0.21058881,-2.1946783,-0.7042068,0.20993641,0.96063954,-0.038742796,-0.40585655,0.8630508,0.101626456,0.12538886,0.3833196,-0.20834927,0.2874507,-1.5157286,-0.3222854,-1.531073,0.59553015,-0.34337863,-0.771647,1.2504315,-0.8968235,-1.2795198,-0.547117,0.89179134,0.22271438,-0.078997485,-0.18503287,-0.5424519,1.6823834,-0.6499202,-1.1430386,-0.40805158,0.8372955,-1.923119,0.91790247,0.51332706,-0.22807257,-0.54942834,0.6216211,-0.24778892,0.05438525,1.9689826,-0.6192555,-0.5504315,0.40858006,0.074746996,0.047219638,2.7843437,0.3293314,-0.8362638,0.9013846,-1.2506167,0.292255,-1.8851821,1.5777026,-0.47113445,0.70676196,-0.5622128,0.27936226,0.22071265,-1.4359012,0.5314918,-0.91377264,-1.006131,0.73464066,-0.17187302,0.8492595,0.5197839,-0.4412681,-1.2509754,0.05268813,0.97747576,-0.08587177,-0.40723673,0.44591585,0.74855435,-1.7775849,-0.6888689,0.62377733,-1.6605915,1.9084176,-1.1683009,1.3681146,-0.23545963,0.42961642,1.7660725,1.6147656,1.6454082,0.22141701,1.4520534,-0.7406897,-0.7599826,-0.4669769,0.035270844,0.36386552,0.95530343,0.70437324,-0.37260777,0.15551619,-0.50915664,-0.7636803,-0.075605705,-0.18689264,-1.2481294,0.7082256,1.1575568,-0.22080146,0.39868736,1.0542761,-0.84518313,-1.2234366,-0.44409555,0.11283895,-2.3731463,0.36677006,-1.5157694,-1.950647,0.13084829,0.10864714,-0.21168707,-0.3051887,-0.7077651,-0.062842056,0.85491073,0.66853,0.26855674,-0.10467374,-0.2545375,-0.21529117,-0.5132177,-0.36438495,0.7210372,0.06660445,-0.289611,-0.3880966,-0.15747875,0.9026724,0.5879341,0.06563967,-0.32108927,0.90466183,0.8179196,0.36544004,-1.1959338,0.6367533,0.16367982,-0.038867295,-0.21004656,-0.24346817,-0.41964132,2.2297783,1.1686075,-0.7818139,0.6368309,0.32749802,0.12869969,0.10283605,0.011625492,-0.54417014,-1.316427,1.6806985,-0.31624177,-1.4115003,1.032355,0.16248107,-0.33324993,0.5781365,1.4912423,-1.918521
-0.20776951,1.9474518,-0.5851922,-0.36990896,1.4042617,-0.996921,0.20700227,1.0317471,0.04156971,-0.32839352,-0.28019994,0.8360336,0.6806757,-0.25524396,-1.3140253,-0.19111001,0.95750725,1.5460327,-0.6355486,1.6035062,0.20384513,0.7363681,0.09961764,0.7525732,0.7353355,1.0152743,-0.4277987,0.08151113,-0.8146586,1.9517715,0.7620867,-0.38768852,0.2427754,-1.0278542,-1.7807127,0.24096638,-0.69067234,0.9830918,1.4477597,0.1850543,2.3999505,0.4625119,-1.3412033,-0.8066143,-0.33091384,0.031435434,1.5231988,-0.5780273,0.82610816,2.3905952,-1.1037204,-0.47317547,0.77914196,0.9976676,0.5220537,0.22420432,-0.104076855,-0.08008974,0.91583914,-2.576839,-0.75950396,-0.65404147,-0.8177775,1.557546,-1.6235863,-1.4121404,-0.2615972,0.4682104,-0.29012498,-1.1508799,0.6735627,-1.0978965,-0.886696,0.7184117,0.08055196,-1.1195576,-1.0335964,-0.288253,0.23753564,-0.3394851,-0.16254407,0.73931956,-0.60921794,0.14070177,0.067099854,0.44642556,0.4108086,-0.4656772,-0.7246275,-1.7468505,-0.41233376,0.15809236,-0.40239105,-0.275069,-0.4564724,-0.10634008,0.14547694,0.31468102,0.8522479,-1.378134,1.799696,-2.2203548,-0.47239077,0.49865124,-0.21720476,-0.60449,0.4062999,-0.87228787,0.6741736,0.7474001,-0.5400342,-2.1160436,-0.5221688,-2.2670128,1.2209735,0.28948388,-1.850686,-1.2796307,-0.5870056,-1.0355712,-0.16477716,-0.30773005,0.118182935,1.0550346,1.0087883,2.0093052,-0.8217149,0.23678342,0.24846415,-0.35914183,-1.259691,0.34387615,1.2888399,1.6202697,-0.48829576,0.66451925,-0.5171223,-1.1004676,0.09696384,0.6161079,1.1927687,-0.49590334,-1.0194713,0.5154177,0.9649407,-0.6739731,-0.7568851,0.55570936,-0.48000577,-0.5895972,1.4345033,0.4344667,-0.7306597,1.1143978,-1.1303062,0.82461876,0.84338325,-1.0358906,-1.1598595,-0.54010296,-0.0637948,0.98726976,0.89599097,1.5661336,-0.18092115,-2.0018907,-0.5779373,0.6614082,0.6034261,-0.98956865,-1.2714182,0.52582467,-0.7207101,0.89683074,-0.8715963,-0.68199545,1.0005691,-0.03130326,0.19070959
1.6479118,-0.3566989,0.38229182,1.0475832,2.0002341,-0.6085955,-0.89161664,0.5001551,1.2742093,-0.9685732,-0.034817636,-0.66743654,-2.0289562,0.3155505,1.5819111,-0.5213553,-1.1441115,-1.3049107,-0.055586617,-0.5142026,0.2454085,2.0074596,1.6147776,0.2129123,-1.2918952,-0.066108644,-0.52971095,-0.22351646,0.41841325,0.24416578,2.1521654,-0.5119144,1.7270364,1.2854028,1.4030044,1.4064907,-0.29151365,-1.1365464,0.69072413,0.22929288,0.30518168,0.20090486,-0.7271956,0.5100564,-1.1947076,0.68561816,1.0827419,-0.65906376,-1.1849664,0.56922483,0.4747153,0.65051395,-0.52219784,-1.0721599,-1.4281859,-0.9584241,0.454136,0.97699785,-0.631289,-0.92333454,2.0837789,-0.18150057,1.113374,0.22758034,-1.0614951,1.2957937,0.560894,0.9667611,0.25870833,-0.06470844,-0.08931975,-0.6475838,0.45592684,0.58416224,0.59520996,1.320693,0.50411665,0.313715,-1.504588,0.31017014,-0.91179234,-0.34358597,-0.89836854,-1.5501441,-0.33535627,-2.0545082,0.71150994,0.4495581,1.3401748,0.6550764,0.7904756,1.4671854,-1.2885679,-0.29862145,-0.38206103,-0.60849607,-0.8728887,-0.560804,0.46776775,0.5303649,1.0887144,-1.4517604,0.07831366,-0.3456385,0.74891764,-0.9396698,-0.32921743,0.9101872,0.45380852,-0.32408947,1.1190217,0.07117974,-1.0914185,-1.1325676,-0.40700784,-2.3955486,-1.6732378,-1.8898863,-0.09075231,-0.11422973,0.32292753,-0.5159255,0.4455391,-0.43599874,-0.5104036,-1.7201351,0.9974697,0.42636612,0.00032759915,-0.065317646,0.7172409,-0.40658772,-1.4397632,0.20447463,-0.05568331,-0.37473568,-1.1490192,1.3369774,-2.527026,-0.32503113,-0.08586163,-1.060923,0.6486731,-0.2883969,0.9926289,0.009025609,-1.4470005,1.6910081,1.5926992,0.8769957,1.0272552,1.8827783,0.29597306,0.14136638,1.9248929,-0.15285434,-1.242743,0.085236736,-0.49761006,2.8223877,-0.86204344,-0.40843457,0.64547664,3.2796054,-0.08057632,-0.7931524,-0.73958516,-0.54463816,0.2203846,-3.6977503,0.9973084,0.3395411,0.7121709,0.39195344,0.6665627,1.84932,-0.22093283,-0.3090635,-0.8124498
-0.56114215,-1.5890517,-0.32803473,0.8412379,-0.16520555,-0.118881054,0.83879983,-0.4077814,0.5866224,-0.88681084,0.8212922,0.5042014,-0.40102607,-0.29174098,0.02765221,-0.580315,-1.8366526,1.1140927,-0.342265,0.1157904,0.14346799,-0.32821065,-0.48734975,-0.7341394,-1.0702081,1.2255237,0.44422773,-2.4994967,-1.7740194,0.1700123,-1.1303142,0.8189842,-0.26473728,-0.5202796,0.80379736,0.6611963,-0.35247993,0.62031215,-1.0718644,1.8684396,-1.0257437,-0.2229737,-0.48882592,0.6584635,0.08352081,-0.43932286,0.48842183,0.49152058,-0.03747065,0.8566841,-0.81901467,-0.51896715,0.81897974,0.059789386,-0.7627288,0.7660387,-0.5406323,-0.33566108,0.54957086,0.034713287,0.6542282,-0.84200704,0.05899522,-0.546534,0.2760525,0.056186937,-1.012102,-0.3283413,0.9684768,0.4868688,-2.0596304,-1.388679,1.4246922,-1.5067174,-1.6893013,1.443142,1.9688194,1.526053,-0.1207107,0.94318396,0.7291266,-0.51409787,1.0806433,0.5850535,0.2344921,-0.8159709,-1.3425491,0.64456314,-0.5340051,1.4971732,-0.7735809,0.37502003,0.37318188,1.2019094,-1.1902208,0.058357596,-0.29202822,0.48316747,0.80666256,1.9919121,1.8632209,-0.7886576,0.88163567,0.25431937,1.7181919,-1.0193957,0.47802275,1.1121582,-2.8067064,2.2165415,0.8785127,1.4834139,-0.386838,-1.8844858,0.3369453,-0.3823111,1.8374425,-0.42465457,1.4324208,1.4346621,-1.1576712,0.49130544,-0.5654683,0.12298113,0.25081214,-1.2426524,-0.53483576,-1.2715772,-0.34423488,0.631493,-0.10292384,1.7917875,-0.4839487,-0.650119,-1.1480694,0.81199944,-0.36612988,1.2595935,-0.16147271,-1.1799629,2.909318,-0.07001327,-0.27645132,0.7697264,0.3401545,0.0150427325,3.153397,0.55165046,-0.94175494,0.9341711,-0.710277,-2.49227,-3.1727889,0.99191695,-1.2421359,-0.6396632,-0.07854648,-0.35166323,-1.7662033,0.591574,1.8077003,0.18680052,0.6906798,0.4842745,1.881328,-1.1574997,-0.86512643,-1.532605,-0.6338124,1.1942643,0.007218096,-0.022551421,-1.1134639,0.047505423,-0.13247281,-0.7421294,0.8200371,-0.4116266,-1.3197354
0.42200074,-0.04635111,-1.0213996,-0.44300112,-0.025312066,-0.21124612,-0.39493415,-0.3145487,0.838635,-0.086093955,-0.5746261,0.59432316,0.5233494,-2.290969,2.1277735,-1.1386962,-0.96744627,-1.4950844,2.1987405,-1.3757558,0.50881374,-0.38001084,0.52558327,-1.9222738,-0.20939451,-1.7369769,-0.9496682,0.35695606,0.19017373,0.113273054,-0.06230938,0.7909762,-1.2652187,0.7377108,0.41367808,0.4330688,-0.6995413,-1.5101442,-0.80462825,0.069454856,-0.554372,0.85948646,-0.16170752,-0.34444126,1.4595295,-0.6083947,2.4032893,0.15513021,-0.99533653,-0.8526455,0.36221504,0.029906923,-0.84865135,0.22645275,-1.9686891,0.88183093,-1.9103041,1.9955515,0.29516506,0.07806145,-0.5396373,-1.5986731,0.10993132,0.094811074,0.57706136,0.723001,0.4134709,-0.3219481,-0.42220452,-0.23656487,0.6284776,-0.11908552,-0.67950857,-0.3987659,0.95619994,-1.3541104,1.217156,0.43424955,-1.1706411,0.5620481,-1.0283904,1.2202501,0.80576545,-1.4388652,1.542492,-0.12653647,1.3774056,-0.6528497,-0.62584084,0.44107056,0.67656183,-2.1227236,1.0416688,0.29105955,0.17455135,0.6239382,0.8246532,-0.5481313,0.2383719,-2.7834594,-0.50727254,-1.2713394,-1.3233374,-0.056430712,0.19711061,0.27377453,1.990113,-0.5675267,1.3289254,2.048719,-0.28248686,-0.53125346,0.19481589,-0.30553275,-1.0507532,-0.21676822,1.1849968,0.31544223,-0.29412013,-0.74639416,-1.2179486,0.9949548,-0.38564548,-0.03011994,1.317576,1.0469229,1.4084955,-1.0922186,-0.99400127,-1.4359442,0.45781207,1.537375,-1.9174902,-0.83602107,-0.574357,0.5392919,-1.4588349,0.15257022,1.5203233,-0.34549585,1.7822387,1.0420921,-0.42436066,0.16982163,-0.9305601,-0.80409265,-0.12723556,-1.1293937,1.402123,-0.43457755,0.76070154,0.7428346,0.29450047,0.26023418,2.3786845,-1.2376994,-0.5984458,-0.4510746,0.35833883,1.0953156,-0.1745395,1.737146,-1.2374233,-0.1525525,-0.3984326,0.98075235,0.845446,1.188168,0.22411686,-1.9069221,-1.7259146,-2.0039532,-2.1982822,0.5602698,0.7850239,0.38472572,-0.8033699,0.4493104,1.2504216
-1.8316818,0.70382303,0.11035859,-0.754626,-0.36695355,0.77988994,-0.7673258,-0.7774808,0.53898495,0.185254,0.71551436,-0.8485308,0.262358,-1.2611302,0.13952608,0.6098429,1.6036376,1.8771987,0.010978042,1.7024978,0.22512825,0.45245084,-0.10848462,-0.13780457,-1.3444983,0.20607862,-1.0348175,0.060965456,2.1901867,2.1123793,-0.3774751,-0.647124,0.45082444,-0.90746397,0.31818858,0.15979336,0.7579707,-1.3049532,0.481176,-1.3339314,-0.83837754,-0.66489375,0.4848516,0.7221369,-1.9194576,-0.4648798,0.4347165,-0.12176262,0.98778975,-0.15262066,0.70413584,0.0789269,-1.8002354,-0.19917496,-0.12962106,1.0958817,1.0124173,1.5345562,0.65384024,-0.23373063,-0.5091019,-0.6222298,0.42745534,-0.67024016,-0.33687624,-2.1877627,-0.440931,-0.7567011,-0.96570206,-1.1705819,-1.9034355,0.8424646,-0.5177538,0.2706394,-0.20641835,-0.672455,0.24753878,-0.57678425,-0.02977904,1.0137136,0.42964348,0.6352947,2.0582266,0.116356336,-0.5885724,-1.015754,0.1888856,-0.06524649,0.5054162,-0.26581338,0.29504234,-1.7524482,-0.051241063,0.7650473,0.25877815,-1.3007506,-0.062444538,0.35835424,-1.276649,-1.339633,1.352739,-0.399541,-0.27548212,-0.14644058,0.021697067,-0.5414381,-1.3255467,-1.3976831,0.7526724,1.3532734,-0.7976862,-1.5743461,0.60083157,1.8489412,0.28412992,1.553089,0.34440222,-0.025294136,1.878621,0.34670815,0.86614865,-0.8481389,-0.99699503,-0.69429797,1.0620985,-1.1233389,1.4556302,1.8307109,-0.56597143,-0.75945646,1.0454023,-1.0451357,-0.54663694,0.43914825,-0.8343025,0.8764032,-0.7693467,1.5884222,-0.8070556,0.31228092,-0.81789905,-0.039294973,-0.61152416,1.4348953,0.8611317,0.52567965,0.9361667,1.0601981,-0.46918538,-0.54463965,1.1428928,0.7022898,-0.96696603,1.8471018,-1.1741242,0.46500364,-0.18415621,2.0950196,1.4859333,0.1801921,-0.13032204,-0.15011404,0.08219114,-0.43445167,0.023747114,-0.56452256,-0.21437727,0.7167564,1.5416117,-0.7959587,-0.37988847,0.9939527,-0.2315653,-0.4884442,-0.54610574,-0.14930388,1.392289,0.021766296,0.042341407
1.2149405,-0.6421458,-0.19087905,-1.5830263,0.31415704,-0.8966046,0.28664583,-0.51455504,1.7270619,0.67882735,0.02320431,-1.2813345,1.116333,-0.29727292,0.19259393,-0.73311776,0.31029797,0.16813095,0.33761704,0.4596221,-1.5843422,-0.83621055,-1.9101624,0.6363644,-0.07570471,-2.6570003,-2.4113014,0.120995514,0.665905,0.41074917,-0.50631213,-1.0696126,-0.28300476,-0.7496495,-0.18970802,0.72144336,-0.7550043,0.4852735,0.23366906,-1.831311,0.64952654,-0.49666682,0.045053467,0.34046543,0.5467093,1.040959,2.2591496,-0.703594,-2.047062,-1.2313973,-0.18926236,0.49282292,0.02542974,1.1997582,-1.4746785,1.0521171,1.047401,-1.4061098,-0.2617374,1.2417932,0.119101584,0.51419675,-0.22024369,1.2184122,0.2153482,3.4602542,-0.7400757,-0.038900606,-1.1069657,0.17619579,1.4994569,0.8228639,0.15739825,1.0875303,1.0028824,-0.6602421,0.875351,-1.6624919,0.3836837,0.7408255,1.4298295,-0.72943765,1.3033999,0.06764869,-0.49925238,0.3185667,0.059519656,-1.9761337,1.1705506,-0.4377114,-0.58143485,1.556868,0.6409341,-0.12098436,-0.44205928,-0.9875446,-0.36101776,2.8728485,1.6558864,0.07230183,1.1503292,-2.9313917,-0.7054711,-0.4696966,-0.22113732,-0.4653111,0.15973122,-0.19297938,-0.33983916,-1.1799861,0.33527818,-0.23885307,-0.90043527,0.26560238,-0.5649961,0.7071059,-0.7964663,-0.09522718,0.8102924,-0.4747515,-0.91489214,0.06972362,-1.9484318,0.092693724,-1.9699438,-0.8893938,1.1101447,-0.36977038,-0.6189672,-0.3706528,0.55671114,-0.30502346,0.63838655,-0.57553345,1.2216288,0.23804446,-0.76592344,0.04247821,1.9507067,0.9610543,0.09767121,-0.114125386,0.91562134,-0.41852877,0.7941374,-0.35081816,0.91882414,0.24555299,1.0030408,-0.4492625,0.34852836,-0.7552427,0.31590486,0.14666827,0.32277665,0.24143428,0.4677449,0.79264635,0.08600117,2.3543975,-1.0376502,-1.0004166,-3.4551868,1.5099224,1.2644686,-0.06156859,-1.6038615,-0.14204156,0.60157996,1.8481686,-0.0069273296,-0.37635732,0.7170742,-0.38018098,-0.98851234,-0.22292897,-0.6573959,-1.9232205,0.5836787
-0.7079838,1.0549217,0.036289394,0.8830718,-1.1601182,-1.3792161,1.3220867,1.0726404,0.08478351,1.6588856,-0.18745963,0.265427,-0.5275844,0.4586876,0.43674818,-0.2098147,-0.52339184,-0.09858116,-0.04163832,-0.51390594,0.14161183,0.540423,-1.1454984,-1.4932735,0.47642103,0.07579904,-0.18361005,0.5727153,0.8413869,1.4032052,0.33700168,-1.6427395,-0.67334276,0.77591,-2.1388218,-0.41616485,0.9271073,0.8653357,-0.41784456,-0.04586822,-1.1071384,0.7204882,-1.2602873,0.43196896,-0.2416858,1.2233477,-0.38364774,0.7671192,1.2333558,-0.62863046,2.0531538,-0.18658082,-0.890943,-1.036256,0.6384917,1.3803184,0.3021705,-0.4675663,1.1958776,-0.559481,-0.18636711,-0.23078297,-0.8819396,0.58574045,-1.8018634,0.23078752,-0.5481449,-0.9336902,0.088547245,1.4902934,0.43510154,0.061548267,1.7519253,1.2781652,1.6205702,-1.7963097,-0.14032991,0.434417,-1.9349349,-0.9910609,-2.1036425,1.1317831,0.79847145,0.9955118,-0.35275665,0.59934545,-0.22280674,-0.9408724,1.0426619,0.859235,-0.65848416,0.4398424,-0.5483637,-0.64551944,0.6437076,1.1920993,0.9640784,-0.6833154,1.1309278,-1.479373,-0.51298594,0.53824943,0.35796538,2.618514,1.8797573,-1.1832263,0.051877625,0.92787844,-0.38127577,0.40787587,-0.4266687,0.0651392,-0.7884879,-0.57578266,0.37035748,-1.2102659,-0.61219954,-0.8053722,0.10489936,-0.7266961,-0.35676992,0.8931255,-0.41538122,0.019103773,-0.053997938,0.331695,0.09525797,0.2348998,-0.061453465,0.3500694,-1.5944848,0.28403786,0.8575008,0.7536361,0.5308175,0.70553076,0.5033702,-1.7054663,0.031831317,-1.4466214,1.2256548,-0.6519024,0.9657287,-1.4579846,-0.9116163,-0.09540641,-0.3521137,-0.43280822,-0.84841543,0.27003172,-0.19288513,-0.7332696,0.6762811,-1.2722765,0.16506563,2.7427838,1.2756716,-0.40748996,0.17378573,-1.1005989,-0.23458685,-1.7493564,0.009611914,-0.9688676,-1.0760425,0.8067911,0.43276522,0.5415094,1.048878,0.62451017,-0.5084363,0.92439556,0.7512711,0.87357277,-0.5695354,-0.8435501,1.9424151,0.0898515,0.87868
0.5313336,1.0793672,-1.2063451,-0.6931287,-0.095288955,1.2505106,0.94856673,0.34645635,-1.0966462,-1.4869604,1.8930097,0.35674492,-1.1451291,0.74170375,1.5463791,1.106911,0.41852346,1.6581658,0.8550543,-0.374797,-1.0095932,1.6320099,2.043153,2.0510151,2.3396354,-1.6109949,1.0376011,-0.96618825,-0.35455567,1.0421088,-0.99744594,-0.56730366,-1.8301111,-0.42928284,0.13418603,0.002885209,0.48720366,-0.002846899,-0.53905123,1.3482661,0.35015094,-0.3819215,-2.04077,-0.43082696,-0.42599988,1.0905194,0.39418456,-1.5117602,1.5330263,0.17404245,1.7174994,0.6118993,0.22075723,0.15283602,0.58240277,-0.4822664,-0.87163025,-2.2123437,0.62776345,-0.6126505,0.027240116,-0.80522335,-2.4570222,0.6663802,0.95766413,0.2206807,-1.0964978,0.7158196,-0.21563399,-0.12517938,0.92456955,0.96001667,-2.5875251,0.41634884,1.141794,1.7487539,-0.5107829,-0.127089,1.732696,-1.0726331,-0.31328598,1.919718,-1.5488766,-1.389254,-1.3951213,-0.27548653,-0.12786628,-1.1386323,1.8422396,0.5593024,-1.2996644,0.47272047,-0.3442303,0.8915491,-1.2726076,0.12648872,1.1763824,1.1390245,-0.99335414,0.24172768,1.0425167,-1.2536049,-0.6110609,-0.5648124,-0.56701493,1.0331832,-0.90762687,-0.90358174,-0.8012245,-0.0070837475,0.36230183,0.2471046,-0.5948425,0.18573143,-0.9009497,-0.40088293,-0.035485093,-0.090841554,-0.23378384,-0.35676083,-0.6882914,0.7174824,-0.3763595,1.2854043,-1.4267908,-0.14192414,-0.8788486,-0.78894687,0.58270615,-0.3996804,-1.1722244,-1.2343323,-2.131966,-0.2424124,0.4295513,1.1123277,0.09040621,0.29381117,0.7136965,-0.18068281,-0.6067814,-0.03133446,1.4155473,-0.73474824,1.1867572,-3.027541,0.5960914,1.0890627,-0.34190494,0.29463774,0.8870174,1.7579595,-0.14857818,0.63209933,0.20689245,0.34090155,-1.360727,-0.7344956,-0.22754544,-1.2588636,-0.45757374,0.40601376,1.9707644,0.33458787,0.30364594,1.2350464,0.2543225,-0.085852325,-1.6970689,0.8929993,0.88316745,-0.55846703,-1.6784145,1.513277,-0.7750369,-1.4893562,-1.4099377,0.62531024,-1.0892369
0.2462076,-0.58927584,0.7187755,-0.83460253,-0.73778915,0.4837428,1.807437,-0.07959327,0.57595766,-0.42197996,-1.2681034,-0.3717941,0.8135435,1.0890745,0.77126443,0.19309995,-1.5313038,-2.3711054,-1.2802433,-0.8559049,1.2479162,1.0006715,0.60177016,1.6186826,0.42953682,-0.73535466,-0.09260918,-1.4709153,1.276149,-0.48994002,-0.37189108,0.6470415,0.527006,0.46349487,-0.49647132,-0.364345,1.5274228,0.5002054,-0.5924828,1.9593475,0.64620256,0.80003214,-0.0562073,-0.3196362,1.2488647,-1.0041084,0.51554304,1.396834,0.39342692,-0.91724163,-1.3201998,2.5404437,0.1703279,0.6807174,-0.45364407,-0.5050474,0.57057244,0.8610743,0.86679685,-0.7696513,-1.4380392,-1.9003273,-0.817016,0.67359066,0.71350265,0.98778397,-0.15289082,-0.30440927,0.012772118,-0.38797167,0.38244587,-1.1038344,0.7980151,-1.3653927,-0.3887948,-0.564958,1.2471784,-0.33734503,-0.27300122,-0.64103293,0.13919562,1.1067343,-1.7493122,0.5920572,0.119564116,1.1244129,0.69127476,-1.7384596,-0.30166408,-0.61673784,2.1951644,1.230432,0.016273817,0.7678591,0.28416258,0.124413855,1.7565761,1.2619597,1.0481672,-1.3313918,2.935852,0.23726624,-1.5991116,-0.32844144,0.66338354,-0.27741694,1.0498687,1.2385836,0.48950332,-0.22523569,-0.050581846,-0.73678607,-0.21966033,0.9267273,0.89658886,-0.74417454,-0.011945169,0.24317223,0.75519013,0.3181491,-1.1354481,-0.39548165,-0.2973605,-0.5444313,0.8132699,-0.6053666,0.5539379,-2.6328456,2.359644,-1.7380083,-0.07746984,0.091422334,-1.9713281,1.5355958,-0.13345778,0.57734644,1.0237473,0.16212541,-1.0093321,-0.9484232,-0.9796576,-2.0386405,1.6288188,-0.11280765,1.2526088,0.14369448,-0.6413297,0.113183625,0.25172895,0.1727907,-0.2661943,-0.11926204,-0.32645884,-0.11245394,-0.42353883,0.009798115,2.2964947,-1.7507972,-0.12172864,-0.45641553,1.3337412,-1.5504525,-1.309159,0.6389877,-1.0726073,0.09227393,0.59872276,-0.12663713,0.6577386,-0.10215831,1.30168,-1.3705547,-0.22512338,-0.008853405,-1.1303196,-0.05926029,0.61787164,-0.66011894,-0.3392636
0.15244187,1.2358118,0.28329924,-0.75570565,-0.5036787,-0.6974144,1.5931932,1.2227491,-1.9750963,-0.97648466,0.7911358,-0.35667244,-0.2300044,-1.1491548,-1.9009748,-0.7772027,-0.41177714,0.170304,-0.77701724,-0.31973192,0.21541622,2.8389077,0.6207261,-1.6598285,-0.03662726,0.25607178,0.5955649,1.0670992,-0.9105404,1.2838793,-1.0035932,-0.14813077,-0.9841763,-0.2610938,-0.97930545,0.2747929,0.32615912,-0.31317928,0.5400199,1.5221771,1.3127068,-1.0338302,0.1375596,1.5387974,0.6670405,0.0034799494,0.9228077,-0.9476843,0.2765248,2.5240672,-0.5719632,0.06332538,-1.7427081,-0.24111749,-0.22586174,0.45931026,-0.26388827,1.0184622,0.5122468,-1.4385716,1.4721662,-0.0059918812,-1.0983549,-0.96044797,-0.21904232,0.12595485,0.47045276,0.41374496,-1.3145477,-1.1048021,0.6682228,-0.4618179,0.54073197,-0.31805927,-0.61319846,0.8594073,-0.14900392,0.7575104,0.1682785,0.38836753,1.1054403,-1.2231886,0.17214355,0.0017974164,0.3945361,0.65771437,0.30106312,1.2859907,0.013492025,1.3724368,-1.8511211,0.14324547,0.31266928,-0.6313073,0.10736817,-0.9418759,-0.9253356,0.56406856,-0.12760669,0.7982402,0.09796451,0.54596156,0.8069054,1.7903057,-0.05702087,-0.6536706,-0.11331879,-0.06881025,2.407823,1.6532164,-0.13165699,0.08340595,-2.0648026,-0.068159,-0.60462964,-1.5627462,-0.18115112,-0.14338018,-0.09798489,1.9082352,0.2269967,0.9168482,-0.8847531,0.7128833,0.9338602,1.6632589,-1.9355667,-0.21275392,-0.23223983,1.2276009,-0.44596478,-0.8574467,-0.17301331,0.026047299,-2.526414,-1.0300558,-0.55306524,-1.1907041,-0.60341936,-0.72835857,0.53942955,1.1691389,0.34015554,-2.1834037,-0.31823418,0.728186,1.2556641,1.143439,-2.2025483,1.0542216,0.024446182,-0.57180643,0.3818927,-0.28265268,0.060131848,0.02372228,-1.0905373,1.500087,-1.0683162,0.06664389,0.4411918,-1.1676751,1.1876783,0.011362138,-1.3576908,1.1244293,-0.44596165,1.5814631,0.16924074,0.37246373,-0.22096206,1.866757,-1.0730629,0.59299916,0.11515507,-1.671041,-1.0031465,-2.1944861,-0.4219404
0.38113594,0.2616694,0.7979446,1.8638062,0.6141333,0.15022369,0.837347,-2.1143703,-0.7290085,-0.47382557,-0.57687545,2.1050718,0.61010534,1.0317478,-1.1548996,-0.4119127,0.075460054,-1.4352764,-0.38722894,-0.75775325,0.7339987,0.5712023,0.037064478,-0.04120834,0.51577884,-1.8390977,-1.1123549,-0.08961921,-0.2092766,0.108398415,-0.52246875,0.7609509,-0.50481945,0.7432979,-1.663642,-1.2782751,-1.2705064,1.324878,1.4055753,-1.2388741,-1.7133286,0.4883898,1.0377682,-0.6116429,-0.5037016,-0.60132545,0.48600784,1.6664604,0.77544624,0.9580922,1.2251277,-0.26764768,-0.67261505,0.19895546,0.10081637,-1.9594315,-0.31769344,0.21900049,0.5711802,-0.56594324,0.8114499,-0.9021239,-0.29804194,-0.37362117,-1.2738162,-2.1448703,0.8938366,-1.5210611,0.5726927,0.10299824,-0.44631645,1.0285586,1.3094269,-0.3566427,1.3970538,-1.0600154,0.33650538,-1.4098881,1.0096097,-0.72371763,-0.91124845,1.1427346,-0.65049565,-0.57827985,0.5158468,1.5694486,-1.2901886,0.08289037,0.6494162,-0.11155113,-1.8968183,-0.91774863,-1.4537224,0.6631332,1.6788582,1.0460743,0.7344284,0.21205984,2.0844653,0.1932399,1.1184318,-1.1216581,0.04777783,-1.0707916,0.5296765,0.17742173,-0.5851641,0.3982044,-0.62725633,-0.9517268,0.8115418,1.1306685,0.83302647,-0.21367201,1.4675889,0.07209685,0.5696479,0.13840847,-0.36756143,-0.42925575,0.20066354,0.30535036,-0.7642627,0.6264345,-0.34368402,-0.8418234,0.07652338,-0.57820904,-0.12779899,0.20079748,1.4898021,0.5317577,0.83254516,0.49589032,-1.6439143,1.4821581,-1.2687085,-0.787421,0.96696997,-0.7643595,0.63310814,1.31494,1.187458,0.9094718,0.28129193,1.5444635,0.4473702,1.1391424,-0.17716712,-0.19723657,0.22750698,-0.42261773,-1.1972159,1.4355774,-1.0310534,-0.9192602,-0.026045054,-0.72067136,-0.19091465,0.64924073,0.48383892,0.37053612,-1.0486817,0.25921658,1.851611,0.64902824,-0.263151,0.2073093,0.28550893,-2.4123867,1.5971298,1.523015,-1.1307821,-1.5135175,0.80092746,0.8338413,-1.0186592,0.3576429,-0.042702287
-1.0073956,2.1196754,-0.64784616,0.4617609,0.6034104,-0.6836477,-1.2372813,0.33063808,1.7696272,2.322386,0.6926821,1.8825471,0.30263856,-1.1406281,2.7426536,-0.23875612,1.5909483,1.5722923,-1.1256565,1.0834762,1.2448508,-0.7133636,0.7194242,-0.9801786,1.5323757,-0.15236536,1.4802358,1.7810327,0.5344414,1.51719,-0.6627359,0.47607565,-0.47520092,0.22864883,1.7488104,1.7078526,0.67578423,1.3094186,-0.6892254,1.3479466,0.5278284,-1.8134184,-0.2733106,-1.854749,-1.1670246,-1.7098984,-0.65688425,-1.4043069,-0.6604209,-0.31259072,-0.3701538,0.7608734,0.25277954,-0.74282765,-0.47395638,-1.8055516,0.36378303,0.38341615,-1.1410828,-0.65453625,0.09508174,-0.41585177,1.1428189,-0.93388605,-1.0751325,0.38393942,0.23365797,0.9454872,0.50573397,1.5404391,-0.65431863,0.168188,0.1507574,0.6229244,-1.592689,-0.5738403,-0.13019238,1.2607201,-0.36839887,-1.3607905,1.0459685,-0.021912131,-0.88184655,-0.8784894,0.22605015,0.018357119,0.6254717,-0.48756337,0.9733837,-1.2136245,1.3573811,0.6408729,-0.15710056,0.5448815,0.41683367,-1.8650001,-0.519285,-0.27199683,1.0690001,0.58080345,-0.37310958,0.29999352,0.2153981,1.2212865,0.07998823,0.87654597,0.016558822,-1.1512219,-0.53566617,0.534916,-1.1166687,-0.14309795,-0.45652175,-0.5142548,-0.9471421,-0.7983337,-0.5820354,-0.74077094,1.3202574,0.85375565,-1.4332455,0.80020225,-0.8739318,-1.0874152,2.0923738,-0.5374658,-0.28886756,-0.14590184,0.48729682,0.19283234,2.1585317,-0.015021894,-0.19946727,1.9227448,-0.030104902,0.3485685,-0.5280607,-1.4278833,0.46215406,-0.6308324,1.2379028,-0.51297796,0.42269504,-1.7884654,0.21473634,0.7796337,0.09934267,-1.2925624,-0.18955597,-1.1919065,-0.33947495,0.54280746,-1.4197525,-1.2050942,1.1517105,-0.5199201,0.58667284,0.66843724,-1.1016965,0.91288835,0.3929894,-0.6589222,-0.522535,-0.30588827,0.05830825,-0.39238724,0.3414166,-0.9601425,-0.041055974,-1.3527515,-1.7229044,0.2307448,0.28741038,0.7219756,-0.6205709,0.59323967,-0.47052923,1.301965,-0.23416798
0.6473395,0.36103758,-0.743745,-0.64823806,1.3919483,-0.76475614,-0.15717693,2.0829468,-0.083813705,0.20006956,0.37145594,-0.84841377,0.3194448,-1.1464626,0.13398077,-1.8962626,-0.20545317,0.54468834,-1.7343383,-0.39845255,0.8359485,-1.6075867,-1.5317519,3.422359,-1.2682341,0.73697776,0.8607295,-1.0612988,0.3172509,-0.30301592,-0.12328204,-0.27688375,-0.17556597,-1.297228,1.9440284,-0.48362198,0.52608573,-0.64688617,-0.76170236,-0.34890583,0.2539443,0.7140555,-0.46704745,-1.1167932,0.5756603,0.76179355,0.5228563,1.1482624,0.7123985,-1.3671936,-0.86544806,0.5355111,0.7919848,1.1003237,0.20251814,-0.5908395,2.188362,0.5855282,-1.0235333,0.881237,-1.5556282,-0.55514455,-0.12976052,0.23887596,0.4348924,0.47221693,1.5324636,-0.8037428,-0.072188586,0.651355,1.7953684,0.360325,1.1870371,-0.9082727,0.43886736,-0.6961609,-0.74903995,0.7919791,-1.2798035,-0.56592655,0.034793522,2.3918848,-1.8222164,1.4790897,-0.16874084,-0.72578734,0.2816233,0.67389613,-0.0983493,0.28069127,1.2585784,-1.8094103,0.36095002,0.119107306,0.46550554,-0.7714758,-1.0763161,0.6991944,0.7222712,0.3280792,-1.6509339,0.17425308,1.6016837,0.77025163,-0.3930386,-1.5771418,-0.59917706,0.4827152,-0.23396184,-0.08067395,1.4356921,-1.7641622,1.2650498,0.62510264,1.0352888,0.30219743,-1.4347897,-1.6677482,-0.9380087,1.2253618,1.7884431,0.56008005,-0.17003271,-1.3504636,-0.71820027,-1.1404053,0.48304376,-0.7209951,-2.0712554,-0.8689539,0.1735031,-0.6889323,-0.631197,-1.0689856,1.4314903,-0.086277805,2.3881178,-0.12511313,0.4234383,-0.6309861,-1.3284142,-0.76932895,-0.06319504,0.4404796,0.7659207,-0.3877407,-1.109765,0.49139324,-1.0187541,0.49800932,0.013553103,-0.5216162,-0.21847999,1.020273,-0.27107832,0.2136758,-0.47093362,0.032611467,0.2317272,-1.2900398,0.5878371,0.89228123,-2.0499713,0.83238995,1.5164998,1.5127723,0.023482738,0.99085116,0.078969195,0.20501421,0.2962137,0.102164336,-0.38098451,-0.3583752,0.39859408,0.89351195,0.6667109,-1.3677489,0.1377587
-0.4191275,-0.9689926,1.0952967,0.91063523,-0.870865,1.759785,-0.850056,0.6798163,0.42719564,1.4388534,-0.8207559,2.861907,-0.58728176,0.40246296,-0.3749631,-0.94158983,1.8901207,0.63351756,-1.9182281,-0.83540505,-0.84832084,-1.9548717,0.23731919,-0.53771466,-0.013146866,-0.066609174,-0.7433391,-0.37117705,-0.6018232,-1.1798737,0.0057394262,-1.256304,-1.2876775,0.19468337,0.5830154,0.37940457,0.47477233,0.9654862,-0.35551947,0.48613936,0.085522756,1.6356691,-0.5630506,-0.19673182,-2.4240844,0.11351443,-0.3498761,-0.2474652,0.8135541,2.1372802,1.1625313,-0.0740069,0.52659595,-0.8371688,-0.18224344,-0.42461625,0.84963447,1.230025,0.14033817,-0.67648685,0.74239415,-0.7844352,-2.0377238,-0.67915106,0.29760534,0.926,-0.71771723,-2.627023,2.8558934,0.30055052,0.9481416,-0.96663064,-1.5294789,0.42959443,-0.1219581,1.0171573,1.2161379,1.0882607,-1.4778428,0.9374498,0.17344613,-1.5277662,-1.4354044,-0.1768344,1.5933063,0.49807653,-1.1283196,-0.78441393,0.6184406,-0.2197015,0.86702454,-0.7432116,1.5431548,0.19102667,1.0199137,0.43073487,0.5982268,-0.17331867,0.9230405,1.6787515,0.64620656,-0.41744134,0.42533556,0.28609994,1.078633,0.20262057,-0.37187627,0.32797548,1.4707395,-0.23065603,-0.14554104,-0.032022648,2.359369,-0.7261787,-0.24124482,-0.68729687,1.614413,0.5277327,0.13604371,0.5858811,-0.16763334,-1.906853,-0.93344986,0.84084815,-0.40436256,0.22633104,-2.0764546,-1.8775625,0.21166839,0.99192005,1.1184465,0.5923647,-0.6793493,-0.47306553,-0.39387637,-0.93733746,-1.5952275,-0.27282858,-1.1992085,-1.0702637,1.3051248,-0.15750423,-0.82360715,0.3035326,1.1879902,2.239071,-0.3044032,-0.03970596,0.28416806,-0.13864501,-0.6686881,0.22152433,2.500073,-0.52788526,-0.89183915,-0.42242643,-0.16806726,1.940616,2.847479,-0.2743415,0.8884285,-1.1070819,-0.67440265,-1.4605387,0.34928185,-0.113699995,-0.6589491,-0.26853684,1.5362302,-0.60478187,-0.0036310984,1.4751766,-0.057594843,1.9456667,-0.3930706,0.46586114,-1.5236256,1.211096,-1.9728866
0.77440727,1.3785894,-0.90897876,-0.9517063,-0.27840596,-0.453561,1.4748313,-0.09317543,1.0910219,0.3103152,-0.1172576,0.35637105,-0.77810025,1.0749438,-0.040775955,0.7696521,0.8696241,0.40431523,-0.12437033,-2.1460166,-0.49587408,1.1097636,-0.27070916,0.6484343,0.84164107,-1.8425047,0.82516646,0.10901671,-0.0039746203,-0.15939406,0.7844758,-1.0842825,-0.8081422,0.5820942,-0.7523007,-0.38247,1.4565268,0.16923447,-0.43263242,-0.15976848,0.08299369,-0.50050783,0.22762014,-0.60713446,-0.48715287,-2.219968,-0.5142927,0.6883473,-0.01219795,-0.28430903,-0.66275656,1.4043512,-1.1030356,-0.012520407,-1.992259,0.12378413,0.30250737,-1.5879729,0.85477704,0.95576215,-0.0003529045,0.14012942,0.47813705,1.358238,-0.034479942,0.24960239,0.36317757,-3.1817284,-0.53739357,-0.0051101395,1.292769,-0.93069214,-3.0755217,0.8819559,-0.9288517,-1.07995,0.6850655,0.37535036,0.13746616,2.4986017,1.5384505,0.032828912,0.32111144,-1.1928396,-1.2667068,0.3042087,1.0070428,1.2283334,1.1717103,0.3223449,-0.6565712,0.1621398,-1.1225111,0.60559356,-0.82415926,-0.87792045,0.025740426,-1.9215753,-0.28961495,0.42929843,-2.1881065,0.83836526,-0.6566511,-0.78806794,-1.0726874,0.5907861,0.1722177,-1.4621363,2.1325269,-1.7000297,-0.052274697,-0.27423653,-1.5728743,-0.5934724,-2.0098505,-1.019098,0.999316,-0.6186115,0.33870575,-2.5710664,-0.1366858,-0.045463942,1.0529308,-1.681766,0.37446487,-1.0775589,-0.28749275,1.2441055,0.6400136,0.0002801478,0.13698107,-0.28386047,-1.1585321,1.9382706,0.107815675,0.650022,0.85851187,1.5589336,0.57276815,-1.2791728,-0.53343415,-1.0690228,-0.8191549,1.570214,-1.3022896,1.2459639,-0.91450095,0.61117566,0.029477451,0.38703322,-0.12753806,0.3165309,-0.38320783,-0.3907291,-2.1477993,-1.2229958,0.3553531,0.2184037,-0.6305729,-0.03911232,-0.7454231,-1.8428124,0.30390376,-0.8220426,-1.3903503,0.027420145,-0.97594494,-0.089104034,-0.8768478,-2.2430618,0.7957284,-0.8153663,1.7931869,0.5295145,0.76364625,1.4923506,-0.45193952,-0.710377,-1.9872544
-0.1504367,-1.635725,-1.5857629,-0.06735953,-0.68896925,-0.5809827,-1.8765806,0.22257319,0.046422254,-1.456004,-0.9322196,0.5351527,0.16668114,0.083337784,-0.3337657,0.53511184,-1.5232402,-0.2695306,1.2505394,0.8926618,-1.9376603,-0.86073405,-0.8164193,-1.5278112,-0.47969365,0.6491865,-0.5012354,0.40966004,0.36914197,0.9068652,-1.1659156,-2.074755,-1.0174327,0.062378637,-0.2727458,0.10874551,-0.03264026,-0.751778,0.88173777,-2.7119088,-0.33174488,0.7571573,0.40098488,-1.5596417,-0.7844921,-0.5095822,-0.6279817,-0.900416,0.025689287,0.31805047,-0.74411094,-0.940214,-1.0853304,-0.4246647,-0.26039842,0.31942898,1.5421047,-1.3920608,1.5418802,-0.16800895,0.63877976,-0.25271106,0.2911993,0.33788118,-0.26113752,0.33409283,-0.7612377,1.9240156,-1.1608814,1.0472049,0.83239526,-1.2117225,0.49935815,0.30875775,-0.12808132,-0.08205567,-0.5998481,0.46129382,0.15991876,1.3819323,0.4340587,-2.159525,1.4423556,0.106640354,-0.7339528,0.5906118,-0.10453238,0.14241794,-2.0049636,-1.09511,0.49987975,-0.589648,1.2564154,0.47909746,0.30358985,1.1951668,0.55779827,-0.4893794,0.6057915,-1.3841683,-1.6119188,0.81048405,-1.3942232,0.4621273,0.76461846,-1.3030744,1.1042156,-0.6482245,0.7191347,-0.31576005,-0.011879491,-0.74468285,-0.046780482,-2.6811905,-1.8274778,0.43014497,-0.21606152,-1.0243038,1.615145,0.41982266,0.25953084,-1.2264936,-0.9775296,-0.30424362,0.5307428,-0.76074255,0.4463394,-1.6524521,0.18367593,-1.1953206,-0.6011205,-0.46423206,-1.6099193,-0.016195644,0.5025479,-0.7882787,0.9668426,-0.8881329,1.5688972,1.3186331,-0.32674667,-1.280944,1.3806181,2.0024545,-1.2859832,-0.6337409,0.65190643,0.9838776,1.7936517,1.0230647,1.3277854,1.1362598,-0.27620623,-1.832086,-0.20519012,0.51072687,-0.38574636,-0.029514223,-1.2011096,0.17562869,-0.15977621,1.3782219,1.6652675,-0.031542826,0.5975039,0.39088267,0.48112434,3.1495974,0.4463362,-1.2886727,2.1228352,0.07039224,-0.863071,-1.4201044,-2.262073,-1.3775978,0.86245185,0.78391016,-1.3316731
0.6171307,-1.9312298,-0.5308419,1.056465,-1.0026217,-0.5049576,0.62242377,-0.620689,1.1592803,-0.9317501,-0.09638312,-0.59749603,1.7788109,0.23898558,-0.4646888,-2.7944453,1.1207589,0.20367977,0.45341614,-0.89008075,0.49397907,0.19651486,0.8286777,0.019009737,-1.0284191,0.7962217,-1.2613301,-0.023641014,0.12630405,-0.42332116,-0.58670485,2.1086965,-1.0442805,-0.17424455,0.023823796,0.2905803,1.0576206,2.1843374,-1.1616783,-0.24025252,0.93695897,-0.33259597,-1.43397,-1.4425136,-0.14877233,-1.2167116,-2.0154095,-0.96968234,0.54036546,0.5491783,-0.5568359,0.5782321,-0.43872556,-0.36924925,-0.7726849,0.66460526,1.5743064,-0.53314346,1.406141,0.2540377,0.9684792,0.25346795,-0.07251344,0.5163224,-0.8148487,1.1442573,-0.15003437,1.4683094,-0.9255745,0.31305185,-0.96711826,1.4682738,0.1977492,0.4683697,-1.3752654,-0.40299147,-0.08939085,-1.2023474,0.47934714,-0.8626262,0.18554783,0.039546996,-0.48508048,-0.22094044,-0.45901123,0.21746261,0.48128188,-0.5508582,-1.2125708,0.25845835,-1.1808608,1.3482851,-0.2694709,0.61752135,-1.111628,-0.24430396,0.29033178,-0.5496767,-0.41933122,-0.31290215,0.5472169,0.5763013,0.78107643,1.1157777,2.2853775,0.5133778,0.97367734,0.5230641,-1.1026871,0.44276413,0.49518448,-0.63865304,1.6799452,-0.5773001,-0.46141204,-0.77025443,-2.1154048,-0.5571836,-1.1896851,-0.43594873,-1.8859028,1.4486502,-0.04846801,-0.76391035,-2.3243225,-0.35407522,-0.4965407,-1.0905259,0.39558393,0.23782262,-0.284619,0.95965207,-0.6187089,0.9213405,1.0187542,0.8205312,-1.4943852,0.4134265,0.053683627,0.70225954,1.5469648,-1.065727,-1.8298109,1.1617446,-1.4505502,-0.47822687,-0.35439315,0.7693779,-0.32761,0.082367614,0.68042916,0.6568604,1.070927,0.39782193,0.84643805,-0.7165418,-1.0964814,1.0913488,-0.2965816,-1.595256,1.3137746,0.33853287,0.18456306,0.07117492,1.6982183,-1.043321,0.5136608,-0.8666204,0.69895923,1.2927096,0.33942342,-1.4879866,-1.3220413,0.7128946,1.2331549,-1.8805518,-1.259818,-0.027196856,-0.23570181
2.244749,0.9910643,1.5807111,0.8435854,0.8493286,0.17056157,-0.23874655,-0.25415316,1.6152827,0.61480933,-1.2009935,-2.2765808,-0.15035108,-1.2789775,-0.18282354,1.6086394,0.84103024,0.35699165,0.13514394,-0.3315455,-0.7380925,-1.4991385,0.15009762,0.4095535,-1.9636456,0.96884483,-1.7941941,0.44668785,0.9349984,-0.67440045,-0.21294582,0.33779085,-2.1548574,-1.6410555,-0.6702033,0.89843553,0.2082986,1.0120662,0.26612997,0.93007153,1.7941214,-0.005101864,2.0664582,-0.9575903,0.65824646,0.81788796,2.2182755,-0.28652152,-0.27897853,0.27961427,0.42855588,0.5454615,-0.34655967,0.43114558,-1.3959774,0.93500715,-0.054881193,-1.1592535,-2.308614,-0.539435,-0.23979512,0.63943917,-0.79040843,-0.51723284,-0.048930105,0.56994456,1.0994635,0.13355052,-0.7802745,0.055978175,-0.20894381,-1.4522797,-0.626685,1.0376574,-1.3986521,0.6975271,0.72148323,0.5664472,1.4339921,-0.24550937,0.6497491,1.3852667,0.042990386,-1.9622098,-0.12662694,0.119142585,-0.34831765,0.1171574,0.108887985,0.4282952,1.4698997,0.46067894,1.1979524,-0.7458615,-0.14011696,1.4961826,1.1627395,0.48892844,2.0064757,-2.1115942,-1.170024,1.0068291,-0.39677563,1.5786935,0.77815634,-1.3994226,0.5688312,0.77720076,0.8126177,-0.29950055,-0.5884628,0.79524285,-0.15422972,0.23730882,-0.73474145,-0.3253819,-0.06365927,-0.12785597,-0.88409567,0.03315083,0.9168181,1.1868759,-1.3920745,-0.6499608,0.8193477,-0.07257425,0.25671232,0.05420002,-0.6258201,-1.8668905,-0.13402578,2.1415858,-0.8660318,-0.08034582,1.2742662,-1.4153821,0.37922177,0.7948845,-0.36407152,1.1020715,-1.2197748,-0.3123579,-0.14073534,-0.5823389,-0.8401991,0.16204013,-0.59967554,0.29537675,0.93725497,1.305051,0.4398974,-0.8049651,-0.74665934,1.0349058,1.0029577,0.77547586,-0.24604416,0.16758503,-1.3793789,-1.1248926,1.4622059,0.3685043,0.78493965,-0.2982033,1.3108269,0.029480431,0.41160983,0.9071338,-1.1816692,0.26977393,0.37453797,1.6960732,-1.0659829,0.38810766,-1.2953322,-0.2125992,1.0024188,0.6901541,1.3249496
0.8779409,0.14489485,-0.4165309,-3.2862587,0.981486,-0.86782134,2.5109627,-0.7948837,-0.3762112,0.95774573,0.61600214,0.5474535,-1.2771267,-0.2234172,1.1893977,0.16713127,0.6582776,-0.9809008,-0.69455004,0.54262334,0.7927689,0.41414654,1.7638656,-0.33622137,-0.5830158,-1.5079745,-0.756338,-0.77769226,2.6725087,-0.97866386,0.2060616,0.7401798,1.6360011,0.9122564,0.78936744,-1.2319329,0.3681373,-0.70396864,1.6459154,-0.23369373,-0.16824889,0.40430644,2.1052938,2.177381,1.6331537,-1.2798146,-0.07484725,-0.39076373,1.3968021,1.3484147,-1.1066235,1.1469617,0.25656,0.78630763,-0.057597514,1.2670132,1.3403069,-0.21201499,-0.30552265,0.61996925,0.95514774,-0.6075504,0.78446215,-0.9669748,0.20451374,0.7970721,0.8860788,-0.4961021,-0.5276559,-0.22240394,-0.99256164,-0.091988906,0.93450624,-1.4872007,0.5929199,1.7169514,-1.4496083,0.43337584,-1.0127277,-0.8383129,0.78484493,-1.6014061,0.72125834,-1.0385225,-0.63272196,-1.5150632,-1.7278459,0.116806954,-1.7095485,0.48436984,0.26695645,-0.82715756,-0.023670113,-1.0172104,-1.5140557,1.0950471,-0.561721,-0.19912094,-1.1902388,1.1997668,1.5291109,0.17708027,0.8502094,-0.7032121,0.39444345,0.020969413,0.7023974,0.71277726,1.5279387,1.3402207,0.46572667,-1.6763214,0.013403571,-0.07856702,-1.1495253,0.5393987,0.88897085,-1.2120788,-1.0468401,-0.5815971,1.7464356,1.1903747,-0.36705583,0.49738517,1.4556117,-0.4719567,-0.25442287,-0.36029822,-2.461425,-1.9399648,0.10752623,1.9419264,-0.88669795,-1.6225418,-1.1495239,0.80012995,1.3400592,1.1095442,-0.4206187,-0.33176798,0.66690713,-1.8050702,-0.7260594,1.1929922,0.6119011,-0.61863554,-0.13346674,-1.2349106,-0.14755689,0.7073297,-0.67257154,0.016333817,1.1093091,0.205112,0.6903083,-0.9619631,1.6181195,0.020561889,0.5366117,0.5513272,1.235925,1.9727541,1.0476028,0.0105846105,0.19367535,0.8143135,2.1761909,-0.35385874,-0.58898,0.88213646,1.3138747,1.0837653,0.67082024,-0.08610883,1.1787205,-0.38907805,-0.1799104,1.2199068,0.7582814
0.18481715,-0.79747325,1.1203898,-0.72513664,1.1985404,-2.0861607,-0.3314603,-1.4296708,0.01615866,1.1544375,1.3217306,-0.5725855,0.11732415,0.8252788,-0.49291843,0.09874582,0.58604974,-0.13996243,0.00521478,0.061655734,-1.628573,0.78888094,0.55062884,-0.24562311,0.25440624,0.18585661,-1.1060818,0.06301195,-0.15772687,-0.9510156,0.18953961,1.4067917,1.8748364,-0.99121416,0.31233427,0.5418364,-0.46715042,1.0943909,0.51998264,-0.2844613,1.9305146,-1.4902223,0.4536049,-1.2125803,-0.3241708,-0.5786059,-1.1754712,-0.84642076,-0.034696314,-0.19056176,-1.5087557,0.33205143,-0.33228454,-0.4602846,1.8861411,-0.5344563,-1.8881725,0.41840255,0.21071829,-0.63608474,-0.52240056,-0.3744536,-0.5923611,1.2727664,0.6648208,-0.55040735,2.6849318,1.1217756,-1.1862612,0.8091317,-0.35943523,-0.28131208,-0.5267662,0.8180027,0.3759344,0.6386125,0.5549457,0.1440341,0.21009511,-2.313473,-0.07981812,1.5405061,0.047291826,-0.42889202,0.055323057,0.5278894,1.4026594,2.025682,0.7567737,0.9185098,0.23066875,0.6232179,1.7036258,-0.6938177,0.13560234,-0.5693751,-0.97999316,-0.749591,-0.22562738,1.3526256,0.16955343,0.057552043,-1.6832607,-0.03171555,-0.505606,0.16182825,1.2187402,0.018309044,-0.33942392,1.2035486,0.2949971,1.1163796,0.29026252,-0.31572363,0.12087761,0.64197123,1.0758901,-0.6530255,0.60031694,-1.711299,0.097843595,-0.034796942,0.9590389,0.31259677,0.21474737,-1.3972905,-0.14510188,1.7546153,0.43862,0.997577,0.46684065,0.20195381,-0.649725,1.0485139,0.93795735,-0.5230369,-2.2384942,0.111941405,0.5046545,1.2606212,2.637007,2.336636,-0.45397493,-0.701248,1.1141505,0.44242257,0.051470343,0.08103363,-0.19711676,0.44681236,-0.121413164,0.51304436,0.57067937,0.5403348,-0.32431203,0.8220334,-0.75947165,-0.14499164,-1.2056385,-1.0834222,-1.4652871,0.6001801,1.0162488,1.7256527,0.31033105,0.10342574,-1.5068849,0.1482851,-0.87596005,-1.4944537,-0.070209995,1.0244464,-0.5940293,-0.6016626,1.0103064,-0.2611493,0.42353645,-2.6345696,1.1179591
1.1159935,-0.9610683,0.2517369,-0.5150197,-1.4678081,-0.29690266,-0.23270161,-0.0074736965,-0.6756168,-0.11706493,0.9857752,-1.2545474,-1.2914838,0.5054336,-0.7898036,0.6626061,1.5952209,-0.2604972,-1.3140494,0.20290798,-0.9173785,-0.21789147,-0.14305075,0.20554766,0.38458028,1.3163246,-0.34361398,0.9169392,0.90500724,-0.7408501,0.38823083,2.0700939,0.69045377,-0.7989123,0.03396564,-1.2027564,1.4500818,0.005014359,0.6227824,-1.0545526,0.6296007,-1.0688378,-1.2094915,-0.844012,1.9751137,-0.54559726,-2.3517463,0.42285568,0.34888825,1.6922629,0.5517192,0.14862649,-0.2487253,-1.2901454,1.9330254,0.3743616,-1.5937551,0.24682498,-0.5277167,0.9471417,0.6325523,0.6548097,-0.14321741,-0.5581795,0.4987357,1.1503351,-0.6805617,-1.0193135,0.51996845,0.2853775,-0.29367593,1.9249849,0.3478456,-0.173001,1.3894,-0.108905554,-0.2110132,0.031491067,-1.3298122,0.92390543,-0.07740335,0.7378861,-0.37381104,-1.3751872,-1.8084391,2.3538897,-0.5322348,0.7980853,-1.4422508,-0.37651774,-0.60106957,-0.6636879,0.92466027,0.98111475,0.63735056,-0.18500035,0.7181944,-1.0784516,0.53584397,-0.45925644,-1.4522886,1.1504207,-0.5013051,0.36528406,1.5933759,0.38292086,0.61706895,1.3480195,1.625077,0.1402991,-0.28842527,-1.0375165,-0.0072421506,-0.9155498,-0.26687327,1.129047,0.6203977,0.10266647,0.23029809,0.16093805,-1.2229295,-1.649817,-1.6569319,0.9522974,0.7524802,-0.29805925,1.9505452,1.4744948,0.28925428,0.16661373,0.37766543,0.8756013,0.11128006,0.30734164,-0.72803307,-0.66376793,1.0776294,1.9431046,0.18314078,-0.90984875,1.6842768,0.9896344,0.27664492,-1.3893142,0.6738891,0.44333515,-0.23656558,-1.5445049,-0.39626816,-0.026591076,-1.623199,1.1306928,0.2689121,0.77203524,1.1241108,0.20385055,-0.9612935,1.1017417,0.7941044,0.043067604,-0.36575994,-0.21669604,-1.2067018,0.24547748,-0.8950879,-0.31516263,-0.53498346,-0.34783158,0.41504714,0.98945856,-1.3882316,0.35578245,-0.99707085,0.6163807,0.18426605,0.66551936,-0.55418456,0.15272534,1.23787
0.06440964,1.6089464,0.0833927,-0.20381728,-1.4817057,-0.76761293,-1.0247239,-0.07709584,1.3236067,0.25214115,1.4122558,-0.62895244,0.01393248,0.41247562,-0.67658526,-0.15942287,-0.857616,0.13206527,0.78527266,0.43364474,-0.01313357,0.69046485,1.5596234,0.26332155,-1.2667134,0.838787,-2.301244,1.0699024,-0.8105234,0.63641804,-0.77115625,0.4738575,-0.8496338,0.31411755,1.5955873,0.40654078,0.5568533,-1.2606812,-0.6461952,-0.3999462,-0.7045534,-0.540632,-0.74987984,-0.73048776,-1.4576623,0.8647388,0.8123543,-0.92023474,-0.13075893,1.5711157,1.3641773,1.2455941,0.16396068,0.02241459,-0.24646911,-1.4541203,-0.29159662,-0.43215364,-0.59771574,-0.15849043,2.0742924,-0.9219311,0.29737595,-0.5332998,-0.16187781,-0.65410095,0.9768616,-2.1611655,-1.793985,0.9698662,-1.0381424,-0.7170885,1.1398635,-0.5299338,0.09795932,-1.5902339,-0.23411581,-0.71065146,0.9035718,-1.053339,-0.4792874,-1.5973711,0.2946913,-0.31458378,1.4904563,-0.9724472,0.4033459,0.0944498,-0.43124366,0.059298612,0.607083,-0.46232763,-1.2121348,-0.3074441,0.36500245,-1.9919835,-1.9239292,-0.41456985,-0.99522173,-0.27979088,-1.2823759,0.21736696,-0.72299016,1.0496465,-1.3748081,2.3837488,-0.12591289,-1.4503525,0.75565,-0.78136176,-0.29377568,-1.7810504,-0.3744379,-1.2675784,0.15510358,0.65824497,0.13188659,0.21071504,0.14774929,-0.6354938,-0.59193057,-0.7645179,-0.6832745,0.27631813,-1.4467468,1.8246539,1.4141254,0.99127626,0.65392464,-0.5118246,1.2946197,-0.5840252,1.1131759,1.1078929,0.3283115,0.004137205,-0.09960927,1.3746711,0.3884125,-1.141046,1.1401592,-0.22523257,0.26795536,2.4451323,-1.9308641,0.14780526,1.0140604,-0.99554235,1.5178381,0.81915754,0.056024868,-0.42271963,0.08242192,0.30997774,-1.4255518,-0.40973902,0.47595888,-1.8263484,0.31698537,0.4467066,0.77137923,-0.80464506,-0.5811142,0.48460397,2.2843032,1.1052512,-0.6355678,1.9123437,0.27776203,1.7076985,-0.55168223,-0.0771351,0.47933972,0.55879974,0.6480401,-1.5748341,-1.1553004,0.44780648,0.1324327
-0.58825564,-0.7044372,0.52004975,1.5670407,0.38265207,0.24471657,0.9858567,-0.7092235,0.09777959,1.1501155,-0.91780114,-0.12879634,0.07474791,1.8376247,1.0414805,-0.095790684,0.9938278,-0.7372531,2.133131,-0.51831466,0.45383686,0.09474738,-0.7149916,0.6891994,0.5511237,-1.3070965,-0.75153756,-2.058593,0.702876,-0.6581283,0.49524555,-1.1064405,-0.19038717,-1.5340745,-0.23867594,1.5620894,-0.80652326,0.68586475,-1.6889393,2.2053125,-0.724844,-0.685034,-0.1503873,1.4015229,0.27219024,-0.7278878,0.37017706,-0.93082476,-0.4833416,-0.8350459,0.5724197,-0.7080869,0.047754496,-0.31423482,2.008854,0.884819,-0.5377246,-0.9768287,0.59497064,0.5887135,0.35596994,0.86058784,-0.21116337,0.25796846,-1.1400582,-0.2099619,0.02173117,1.304292,1.6140926,-0.7080655,0.26941374,1.1818588,1.0923523,0.05738595,-0.19336721,-0.07602997,-0.7555076,0.5319564,-0.40839967,-0.29266775,-0.2620437,-0.05896565,1.4599358,-0.7409678,0.2694794,0.8533769,0.9535801,-0.17922637,-0.7359157,1.4554026,-0.39965987,-0.34800673,-0.7936313,-1.0595194,0.29353833,-0.25102687,-0.39094132,-0.86797047,0.073217794,0.76375985,-0.7039987,0.9616146,1.5746336,-1.0300115,2.5594745,-0.9734692,-0.821545,-0.20608144,0.3947288,-0.044827837,-0.006801942,-0.38015354,0.5490298,-0.570357,0.55327034,-1.6568453,-0.32818696,0.059966315,-0.50141925,1.2061901,0.34529462,-0.5171192,0.34065083,-0.56837547,1.6353196,0.8461239,0.3784943,-0.763326,-0.26567525,0.16046064,0.11538907,-0.14407043,-1.9304506,0.31014222,-0.04843261,0.30802602,-2.4139652,-0.14005232,0.7436521,-0.3210227,-2.5708175,0.69391197,0.23943394,1.0510432,0.31939426,0.763417,0.6930441,0.2115615,0.3135186,0.71971184,-0.60748845,1.4688575,2.9475021,-0.1124537,-0.9393069,-0.7882159,-0.16037424,-1.0465764,0.62460095,0.60035044,2.678819,0.26672238,-0.5080655,-1.6637043,-0.32678476,1.4339559,1.0496212,-0.2675578,0.28152207,-0.42552778,2.1985257,0.798805,-0.07122497,1.355341,-0.6138872,-2.3834312,0.31060997,-0.7235093,-0.29814175
0.49779922,-1.5191405,-0.6208344,2.0694053,-0.5611516,1.2892436,-0.10538132,0.4469444,0.31660917,0.47328016,-0.1648832,-1.9470763,-0.9600661,1.1142538,0.10478827,0.2346195,0.38868314,0.62619,0.22423625,0.18850122,-0.5523617,0.17029925,1.4774128,0.42377374,-0.1955784,-0.57698214,0.14113072,-0.6570121,0.9046205,1.398041,-0.034626063,0.5907161,1.1443783,1.6893775,-0.71047777,-0.29313582,-1.3978592,-0.029194111,0.26392928,-1.870847,-0.120341994,-0.7184768,-0.9355385,-1.785979,1.8263552,0.110887796,-2.1038318,-0.3855209,0.15514569,0.42356834,-0.49173626,0.913344,0.09029099,0.6730303,-0.41351575,-0.3967793,0.67917585,-0.7467882,0.6841678,-0.36326107,0.925476,-0.012340366,0.0034674963,0.008162205,-2.0372112,0.4974315,-0.005948265,-2.579445,1.7461637,0.13569592,-0.27027375,-2.1789308,1.2963966,-1.0040684,0.08712576,0.510852,0.16580847,-0.2827333,0.8647503,-0.5163081,0.20233078,0.15378056,0.51907325,1.2518078,-0.44835687,0.54401714,-0.27877998,0.045784466,0.94875205,0.2915288,-1.0069509,-2.4133627,-0.23868744,1.4711912,-0.2853333,-0.43962386,-0.8775083,-0.0296051,1.4171499,0.5419769,-0.12672639,1.0219227,0.6373541,-0.93396926,1.0366107,-0.75128424,0.04656739,-1.0197668,-1.3695517,-1.2213355,-0.3415778,-1.289748,-1.392174,0.053788632,-0.88398856,-0.8571635,-0.21073227,0.4725921,1.3090812,0.821543,0.74850804,-0.17921749,1.1032783,0.73752826,-0.12973791,-0.41998908,-0.059045594,-1.1563413,0.530304,0.68137157,-0.3446856,1.3702219,-0.82123166,0.34742594,0.81599146,0.46969542,0.3729927,-0.67959344,-0.36967766,-0.8336329,0.4901461,-1.1238523,0.43921047,0.17571887,-1.2958071,-0.5466562,0.85391384,0.94033825,-0.7707861,0.8208444,0.85931146,-0.15456341,-0.21893291,0.83258516,-0.7688883,-0.99180734,0.6434494,-1.32742,-0.29284385,0.6922636,-0.31335148,0.8968175,-0.9089488,-0.44873676,2.1579635,-2.0004203,1.1864003,-1.6436483,-0.6552226,-1.505384,1.2449323,0.69812024,0.40352067,1.6552603,-0.48823443,1.6180446,0.7840762,-1.1827934,0.8696692
